# -*- coding: utf-8 -*-

# Resource object code
#
# Created by: The Resource Compiler for PyQt5 (Qt v5.15.2)
#
# WARNING! All changes made in this file will be lost!

from PyQt5 import QtCore

qt_resource_data = b"\
\x00\x00\x6d\x56\
\x89\
\x50\x4e\x47\x0d\x0a\x1a\x0a\x00\x00\x00\x0d\x49\x48\x44\x52\x00\
\x00\x02\x00\x00\x00\x02\x00\x08\x06\x00\x00\x00\xf4\x78\xd4\xfa\
\x00\x00\x00\x09\x70\x48\x59\x73\x00\x00\x0e\xc3\x00\x00\x0e\xc3\
\x01\xc7\x6f\xa8\x64\x00\x00\x00\x19\x74\x45\x58\x74\x53\x6f\x66\
\x74\x77\x61\x72\x65\x00\x77\x77\x77\x2e\x69\x6e\x6b\x73\x63\x61\
\x70\x65\x2e\x6f\x72\x67\x9b\xee\x3c\x1a\x00\x00\x20\x00\x49\x44\
\x41\x54\x78\x9c\xec\xdd\x77\x74\x54\x55\xd7\xc7\xf1\xef\x24\x21\
\x84\x84\xde\xab\xf4\x0e\x52\xa4\x57\xa5\x2a\x82\x82\x28\x02\x22\
\xd2\x04\x15\x10\x45\x6c\x88\x15\x2c\xd8\x91\x22\x82\xd8\x10\x69\
\x4a\x95\x2e\x4a\xef\xbd\x77\x10\xa5\x77\x12\x48\x48\x48\xf2\xfe\
\x31\xe2\x8b\x3e\x20\xc9\xad\x53\x7e\x9f\xb5\xb2\x9e\x67\x61\xee\
\xd9\x9b\x90\x99\xbb\xe7\xdc\xb3\xcf\xf1\x20\x22\x81\x2c\x04\x28\
\x09\x54\xfb\xeb\xab\x0c\x90\xf5\xaf\xaf\x2c\x7f\x7d\xcf\x39\xe0\
\xec\x5f\x5f\xdb\x81\x35\xc0\x5a\x60\x37\x90\xe4\x70\xbe\x22\x22\
\x22\x62\x90\x07\xa8\x0d\x7c\x0e\x9c\x01\x92\x0d\x7e\x9d\x06\x46\
\x00\xb5\x9c\x4d\x5f\x44\x44\x44\x52\x23\x2d\xf0\x2c\xb0\x0f\xe3\
\x37\xfd\x9b\x7d\xed\x05\xfa\xfc\x15\x43\x44\x44\x44\x7c\x80\x07\
\x78\x08\xd8\x8f\xf5\x37\xfe\x7f\x7f\x1d\x06\xba\x03\xa1\x8e\xfc\
\xcd\x44\x44\x44\xe4\x86\xaa\x02\x1b\xb0\xff\xc6\xff\xef\xaf\x0d\
\x7f\xc5\x16\x11\x11\x11\x07\x45\x02\xef\x01\x57\x71\xfe\xe6\x7f\
\xed\x2b\x11\xf8\x02\xc8\x60\xf3\xdf\x55\x44\x44\x44\x80\x7b\x80\
\x43\xb8\x77\xe3\xff\xf7\xd7\x11\xa0\x95\x9d\x7f\x61\x11\x11\x91\
\x60\x96\x0b\xf8\x0e\xf7\x6f\xf8\x37\xfb\x9a\x09\xe4\xb3\xed\x6f\
\x2f\x22\x22\x12\x84\x1e\x02\x4e\xe1\xfe\x4d\xfe\x56\x5f\xe7\xf0\
\x2e\x12\xf4\xd8\xf3\x63\x10\x11\x11\x09\x0e\x45\x81\x05\xb8\x7f\
\x63\x4f\xed\xd7\x12\xa0\x94\x0d\x3f\x0f\x11\x11\x91\x80\x16\x86\
\xb7\xef\x3e\x06\xf7\x6f\xe6\x46\xbf\x62\x81\x37\x80\x70\x6b\x7f\
\x34\x22\x22\x22\x81\xa9\x12\xb0\x0e\xf7\x6f\xe0\x56\x7d\x6d\x01\
\x6a\x58\xfa\x13\x12\x11\x11\x09\x20\xbe\xd0\xda\x67\xd7\x97\x5a\
\x06\x45\x44\x44\x6e\xa0\x19\xbe\xd5\xda\x67\xd7\xd7\x11\xe0\x01\
\x6b\x7e\x64\x22\x22\x22\xfe\xcb\xd7\x5b\xfb\xec\xfa\x9a\x09\xe4\
\xb7\xe0\xe7\x27\x22\x06\xa9\x55\x47\xc4\x1d\x1e\xa0\x2b\xf0\x3e\
\xff\x7f\x2c\xaf\xad\x0a\xe7\xcb\x41\xfb\x66\xb5\xa8\x73\x47\x49\
\xca\x17\x2f\x40\xd6\x8c\xe9\x01\x38\x7b\x31\x86\x2d\x7b\xfe\x60\
\xd9\xfa\x5d\x8c\x9f\xb3\x92\x83\x47\x4e\x39\x91\x0e\x78\x5b\x06\
\x5f\x00\xc6\xe0\x2d\x0a\x44\xc4\x41\x2a\x00\x44\x9c\x57\x02\x18\
\x05\xd4\x77\x22\x58\xc9\x42\x79\x78\xfb\xe9\x36\xb4\x6a\x58\x05\
\x8f\xe7\xbf\x5f\xf2\xc9\xc9\xc9\x4c\x59\xb8\x8e\x01\x9f\x4d\x62\
\xf7\xa1\x63\x4e\xa4\x07\xb0\x18\xef\xde\x01\x7b\x9c\x0a\x28\x22\
\x3a\xd1\x4b\xc4\x49\x69\x80\xe7\x81\x89\x40\x31\xdb\x83\x85\x85\
\xf2\x7c\xa7\xe6\x4c\xf8\xa0\x17\xe5\x8b\x17\xb8\xe5\xcd\x1f\xc0\
\xe3\xf1\x50\xa6\x48\x3e\x7a\x3c\xd4\x90\xa8\x74\x69\x59\xbe\x71\
\x0f\x57\x13\x93\xec\x4e\xb5\x10\xf0\x04\x10\x05\x2c\xc5\xbb\x60\
\x50\x44\x6c\xa6\x19\x00\x11\x67\x54\x06\x46\xff\xf5\xbf\xb6\xab\
\x5d\xa9\x04\x5f\xbc\xd6\x95\x32\x45\xcd\xed\xcc\xbb\xef\xf0\x09\
\x9e\x78\x6b\x0c\xbf\xae\xd9\x61\x51\x66\xb7\xb4\x0d\xef\x6c\xc0\
\x4a\xa7\x02\x8a\x04\x2b\x15\x00\x22\xf6\x8a\x02\x5e\x05\xfa\xe1\
\xc0\x8c\x5b\xa6\xf4\x91\xbc\xd1\xb3\x35\xbd\xdb\x35\x21\x24\xc4\
\x9a\x97\x77\x72\x72\x32\x63\x7f\x5e\xce\x73\x1f\x7c\xcf\x99\xf3\
\x31\x96\x8c\x79\xab\x90\x78\x8b\xa5\xe7\x81\x8b\x4e\x04\x14\x09\
\x46\x2a\x00\x44\xec\x73\x2f\x30\x02\xb8\xcd\x89\x60\xcd\xeb\x57\
\x62\xc4\x80\xce\xe4\xcf\x95\xd5\x96\xf1\x8f\x9f\xbe\xc0\x8b\x9f\
\x8c\x67\xec\xcc\x65\xb6\x8c\x7f\x03\xc7\x80\xde\xc0\x4f\x4e\x05\
\x14\x09\x26\x2a\x00\x44\xac\x97\x1b\xef\xea\xfe\x47\x9d\x08\x96\
\x27\x47\x66\x3e\x7b\xf9\x31\x5a\x37\xaa\xea\x44\x38\x66\x2d\xd9\
\x44\xcf\xb7\xbf\xe6\xf0\xb1\x33\x8e\xc4\x03\x7e\x06\x9e\x04\xfe\
\x74\x2a\xa0\x48\x30\xd0\x22\x40\x11\xeb\x78\x80\x8e\xc0\x74\x1c\
\xd8\xfa\xd6\xe3\xf1\xd0\xfd\xc1\x06\x4c\xff\xac\x2f\x95\x4a\x15\
\xb4\x3b\xdc\xdf\x4a\x14\xcc\x4d\xf7\x87\x1a\x92\x98\x98\xc4\xaa\
\xcd\xfb\x48\x4e\xb6\xbd\x83\xaf\x04\xde\x96\xc9\x58\x60\x2d\x6a\
\x19\x14\xb1\x84\x66\x00\x44\xac\x51\x0c\xef\x56\xb7\x0d\x9c\x08\
\x56\xae\x58\x7e\xbe\x78\xbd\x2b\x35\x2b\x14\x77\x22\xdc\x4d\x6d\
\xd8\x79\x88\xee\x6f\x7c\xc9\x86\x9d\x87\x9c\x0a\xb9\x1c\xef\x22\
\x41\xc7\x56\x25\x8a\x04\x2a\xcd\x00\x88\x98\x73\xad\xb5\x6f\x32\
\x60\xfb\xdd\xf8\x5a\x6b\xdf\x0f\x83\x7b\x52\x28\x5f\x0e\xbb\xc3\
\xdd\x52\x9e\x1c\x99\xe9\xdc\xaa\xbe\x93\x2d\x83\xb7\xe1\x2d\x00\
\xd4\x32\x28\x62\x92\x66\x00\x44\x8c\xab\x85\x77\x43\x9f\xb2\x4e\
\x04\xab\x53\xa9\x24\x5f\xbc\xde\x95\xd2\x45\xf2\x3a\x11\x2e\xd5\
\xf6\xff\x71\x82\x27\x07\x7e\xcd\x2f\xab\xb6\x39\x15\x72\x2f\xd0\
\x03\xf8\xcd\xa9\x80\x22\x81\x44\x05\x80\x48\xea\x65\x04\x06\x02\
\x3d\x71\x60\x16\x2d\x73\x86\x48\x5e\x7f\xca\xda\xd6\x3e\xbb\xb8\
\xd4\x32\xf8\x3d\xf0\x0c\x70\xd6\x89\x80\x22\x81\x42\x8f\x00\x44\
\x52\xa7\x05\x30\x0b\x68\x02\x84\xd8\x1d\xac\x79\xfd\x4a\xcc\x1a\
\xf1\x02\x8d\x6b\x96\x4b\xd1\x4e\x7e\x6e\xf3\x78\x3c\x54\x28\x79\
\x1b\x8f\xdd\x57\x97\x93\x67\x2f\xb2\x65\xcf\x61\xdb\x43\x02\x15\
\xf0\x2e\xbe\x3c\x8c\xd6\x06\x88\xa4\x98\xef\xbf\xa3\x88\xf8\x06\
\x47\x5b\xfb\xf2\xe6\xc8\xc2\x67\x2f\x77\xe4\x01\x87\x5a\xfb\xec\
\x32\x7b\xe9\x26\x7a\xbe\xfd\x0d\xbf\x1f\x3d\xed\x54\xc8\x9f\x81\
\xa7\x80\x3f\x9c\x0a\x28\xe2\xaf\x34\x03\x20\xf2\xdf\xae\xb5\xf6\
\xcd\xc0\x81\xd6\xbe\x90\x10\x0f\x8f\xb7\x6e\xc0\xf4\xa1\xcf\x51\
\xd1\xc1\xd6\x3e\xbb\x14\x2f\x98\x9b\xee\x0f\x36\x70\xba\x65\xb0\
\x0b\x6a\x19\x14\xb9\x25\xcd\x00\x88\xdc\x5c\x71\xbc\xad\x7d\x77\
\x39\x11\xac\x7c\xf1\x02\x7c\xf1\x7a\x57\x6a\xdc\x6e\xfb\x39\x41\
\xae\xd8\xb8\xeb\x10\xdd\xdf\x18\xc3\xfa\x1d\x07\x9d\x0a\xb9\x02\
\x6f\xc7\xc0\x76\xa7\x02\x8a\xf8\x13\xcd\x00\x88\xfc\xaf\x6b\xad\
\x7d\x93\x70\xe0\xd4\xbe\x88\xb4\x69\xe8\xdf\xbd\x25\x63\xdf\x79\
\x92\x82\x79\xb3\xdb\x1d\xce\x35\x79\xb2\x67\xa6\x4b\xab\xfa\x64\
\xcd\x9c\x81\x65\x1b\x76\x93\x70\xd5\xf6\x0e\xbe\x02\xc0\xe3\xa8\
\x65\x50\xe4\x86\x34\x03\x20\xf2\x4f\xb5\xf1\xb6\xf6\x95\x71\x22\
\x58\xdd\xca\xde\xd6\xbe\x52\x85\x7d\xb3\xb5\xcf\x2e\x2e\xb4\x0c\
\xee\xc3\xdb\x32\xf8\xab\x53\x01\x45\x7c\x9d\x0a\x00\x11\xaf\x4c\
\xc0\x5b\x40\x2f\x1c\x58\xdd\x9f\x39\x43\x24\xef\x3d\xdb\x96\xc7\
\x5b\xdf\xe5\x17\xab\xfb\xed\x32\x79\xfe\x6a\x7a\x0e\xfa\x86\xd3\
\xe7\xa3\x9d\x08\x77\xad\x65\xf0\x59\xc0\xb1\x83\x0c\x44\x7c\x95\
\x1e\x01\x88\xfc\x7f\x6b\x5f\x63\x1c\x28\x8a\xaf\xb5\xf6\xdd\x55\
\xb5\x4c\x50\xdf\xfc\x01\xca\x16\xcd\x4f\x47\x77\x5a\x06\x4f\x01\
\x9b\xed\x0e\x28\xe2\xcb\x82\xfb\xdd\x47\x82\x5d\x1e\xe0\x33\xe0\
\x41\x27\x82\xe5\xcd\x91\x85\xa1\xfd\x1f\xa3\x55\xc3\x2a\x4e\x84\
\xf3\x3b\x73\x96\x6d\xe6\xa9\x41\x5f\x3b\xdd\x32\xd8\x13\xef\xfe\
\x01\x22\x41\x47\x33\x00\x12\x8c\x3c\x78\x57\x87\xcf\x00\x2a\xd9\
\x1d\xec\xfa\xd6\xbe\x0a\x25\x6f\xb3\x3b\x9c\xdf\x2a\x7e\x9b\x2b\
\x2d\x83\xdd\xf1\x2e\x0e\x5c\x85\x5a\x06\x25\xc8\x68\x06\x40\x82\
\x4d\x71\xbc\x8b\xfc\xee\x74\x22\xd8\xed\x25\x6e\xe3\x8b\xd7\xbb\
\x52\xbd\x7c\x51\x27\xc2\x05\x8c\x4d\xbb\x7e\xa7\xfb\x9b\x5f\xb2\
\x6e\xbb\x63\x2d\x83\x2b\xf1\x76\x0c\xa8\x65\x50\x82\x86\x66\x00\
\x24\x58\x38\xda\xda\x97\x2e\x6d\x38\xfd\xbb\xdf\xcf\x77\xef\x3c\
\x41\xc1\x3c\x81\xdb\xda\x67\x97\xdc\xd9\xbd\xa7\x0c\xba\xd4\x32\
\xb8\x0c\xb8\x6a\x77\x40\x11\xb7\x69\x06\x40\x82\x41\x1d\xbc\x9f\
\xfa\x4b\x3b\x11\xac\xde\x1d\xa5\xf8\xe2\xf5\xae\x94\x2c\x94\xc7\
\x89\x70\x01\xef\xc0\x9f\x27\x79\x6a\xd0\xd7\xcc\x5f\xb1\xd5\xa9\
\x90\xfb\x80\x27\x80\x85\x4e\x05\x14\x71\x83\x0a\x00\x09\x64\x6a\
\xed\x0b\x20\x6a\x19\x14\xb1\x96\x1e\x01\x48\xa0\x72\xb4\xb5\xef\
\xa1\x26\xd5\x99\xfd\xf9\x0b\xd4\xbb\xa3\x94\x6e\xfe\x36\x29\x5b\
\x34\x3f\x5d\x1f\xb8\x93\xf3\xd1\x97\x9d\xd8\x4e\xf8\x5a\xcb\xe0\
\x63\xc0\x49\xd4\x32\x28\x01\x48\xef\x54\x12\x68\xf2\xe2\x6d\xed\
\x6b\xed\x44\xb0\x42\x79\x73\x30\xe2\xd5\xce\xdc\x5d\xfb\x76\x27\
\xc2\xc9\x5f\x16\xad\xdd\x49\x8f\x37\xc7\xb0\xf7\xf0\x71\xa7\x42\
\xce\xc2\x7b\xca\xa0\x5a\x06\x25\x60\x68\x06\x40\x02\xc5\xb5\xd6\
\xbe\xe9\x38\xd8\xda\x37\x75\xc8\xb3\x94\x29\x9a\xcf\xee\x70\xf2\
\x2f\x85\xf2\xe5\xa0\x5b\xeb\x3b\x9d\x6e\x19\xec\x81\x5a\x06\x25\
\x80\x68\x06\x40\x02\x41\x39\x60\x34\x0e\x1c\xd7\x0b\xde\xd6\xbe\
\x51\x6f\x74\xa5\x5a\x39\xb5\xf6\xf9\x82\xcd\xbb\x0f\xd3\xfd\xcd\
\x2f\x59\xbb\xed\x80\x53\x21\x37\xe0\xed\x18\xd8\xe0\x54\x40\x11\
\x3b\x68\x06\x40\xfc\x59\x04\x30\x00\x18\x0b\x14\xb4\x3b\xd8\xf5\
\xad\x7d\xb7\xa9\xb5\xcf\x67\xe4\xce\x9e\x89\xce\x2d\xeb\x91\x35\
\x73\x06\x96\x6f\xdc\x43\x7c\x82\xed\x1d\x7c\x79\x80\xae\x40\x76\
\xbc\xa7\x0c\x26\xd8\x1d\x50\xc4\x0e\x9a\x01\x10\x7f\x55\x17\x6f\
\x6b\x5f\x29\x27\x82\xd5\xaf\x52\x9a\x91\xaf\x75\x51\x6b\x9f\x8f\
\x3b\x78\xe4\x14\x4f\x0d\xfc\x9a\x79\x2b\xb6\x38\x15\x72\x3f\xde\
\x96\xc1\x5f\x9c\x0a\x28\x62\x15\x15\x00\xe2\x6f\x32\x03\x6f\xe2\
\x50\x6b\x5f\x96\x8c\x51\xbc\xfb\xcc\xc3\x6a\xed\xf3\x33\x93\xe7\
\xaf\xa6\xd7\xdb\xdf\x72\xea\xdc\x45\x27\xc2\x5d\x6b\x19\xec\x0b\
\x38\x76\x90\x81\x88\x59\x7a\x04\x20\xfe\xa4\x05\x30\x1b\x47\x5b\
\xfb\x9e\x57\x6b\x9f\x1f\x2a\x5b\x34\x3f\xdd\x5a\xdf\xc9\xf9\x8b\
\x97\xd9\xb0\xf3\x90\xdd\xe1\xd4\x32\x28\x7e\x49\xef\x6a\xe2\x0f\
\xf2\x02\x43\x81\x07\x9c\x08\x56\x38\x9f\xb7\xb5\xaf\x69\x2d\xb5\
\xf6\x05\x82\xc5\xeb\xbc\x2d\x83\x7b\x7e\x77\xac\x65\x70\x36\xde\
\x96\xc1\xdf\x9d\x0a\x28\x62\x84\x66\x00\xc4\x97\x85\xe0\x5d\x6d\
\x3d\x03\xa8\x68\x77\xb0\xb0\xd0\x50\x7a\xb5\x6f\xc2\xe4\x8f\x9e\
\xa6\x4c\x11\xb5\xf6\x05\x8a\x42\x79\x73\xd0\xb5\xf5\x9d\x84\x85\
\x85\xb2\x62\xd3\x1e\x92\x92\x6c\xef\xe0\x2b\x8e\x4e\x19\x14\x3f\
\xa0\x19\x00\xf1\x55\xe5\xf1\xb6\xf6\x55\x77\x22\x58\x85\x92\xb7\
\x31\xea\xf5\x6e\x54\x2d\x57\xc4\x89\x70\xe2\x92\xcd\xbb\x0f\xd3\
\xe3\xcd\x31\xac\xd9\xb6\xdf\xa9\x90\x1b\xf1\x16\x03\xeb\x9c\x0a\
\x28\x92\x52\x9a\x01\x10\x5f\xe3\x4a\x6b\xdf\xd8\x77\x9e\xa4\x40\
\xee\x6c\x76\x87\x13\x97\xe5\xce\x9e\x89\x4e\xce\xb7\x0c\x76\x41\
\x2d\x83\xe2\x83\x34\x03\x20\xbe\xa4\x1e\xf0\x05\x0e\xb5\xf6\xdd\
\x59\xb5\x34\x23\x5f\xeb\x4a\x89\x82\xb9\x9d\x08\x27\x3e\xe6\xd0\
\xd1\x53\x3c\xf9\x96\xa3\x2d\x83\x07\xf0\xb6\x0c\x2e\x70\x2a\xa0\
\xc8\x7f\x51\x01\x20\xbe\x20\x33\x30\x18\xef\xf3\x7e\xdb\x7f\x27\
\xd5\xda\x27\xd7\x9b\x3c\x7f\x35\xbd\xdf\xf9\x96\x93\x67\x1d\x69\
\x19\x04\x98\x8c\x77\x91\xa0\x5a\x06\xc5\x55\x7a\x04\x20\x6e\x7b\
\x08\x98\x83\xf7\xd3\xbf\x5a\xfb\xc4\x71\x7f\x9f\x32\xe8\x4c\xcb\
\x20\x40\x59\xa0\x1b\x70\x1e\x58\xef\x44\x40\x91\x1b\xd1\x3b\xa0\
\xb8\x25\x1f\x30\x0c\x68\xe9\x44\xb0\x22\xf9\x73\x32\x62\x40\x67\
\x9a\xd4\x2a\xef\x44\x38\xf1\x53\x4b\xd6\xef\xa2\xc7\x9b\x63\xd8\
\x7d\xe8\x98\x53\x21\xe7\xe0\x9d\x0d\x38\xe4\x54\x40\x91\x6b\x34\
\x03\x20\x4e\xbb\xbe\xb5\xaf\x82\xdd\xc1\xae\xb5\xf6\x4d\xfa\xe8\
\x69\x4a\xab\xb5\x4f\x6e\xa1\x60\xde\xec\x74\x7d\xc0\xdb\x32\xb8\
\x72\xf3\x5e\x12\x93\x92\xec\x0e\xa9\x96\x41\x71\x8d\x66\x00\xc4\
\x49\xb7\xe3\x6d\xed\xab\xe6\x44\xb0\x8a\xa5\x0a\x32\xea\xf5\x6e\
\x54\x29\x5b\xd8\x89\x70\x12\x60\xb6\xec\x39\x4c\xf7\x37\x1c\x6d\
\x19\xdc\x84\xb7\x38\x56\xcb\xa0\x38\x42\x05\x80\x38\x21\x1d\xf0\
\x22\xf0\x32\x10\x6e\x77\xb0\xc8\x88\x70\x5e\x7d\xa2\x15\xfd\x3a\
\xdd\x4b\x68\x88\xed\xc7\x05\x48\x00\x4b\x4a\x4a\xe6\xcb\x29\xbf\
\xf1\xfc\x47\x3f\x10\x7d\x29\xce\x89\x90\x57\x81\x11\xc0\x2b\x40\
\x8c\x13\x01\x25\x78\xa9\x00\x10\xbb\xd5\xc7\xdb\xda\x57\xd2\x89\
\x60\xf7\xd4\xa9\xc0\xf0\x01\x9d\x28\x94\x37\x87\x13\xe1\x24\x48\
\x1c\x39\x79\x8e\xa7\xdf\xfd\x96\xa9\x0b\x1d\xfb\x70\x7e\x10\x6f\
\xcb\xe0\x7c\xa7\x02\x4a\xf0\x51\x01\x20\x76\xc9\x02\xbc\x87\x43\
\xad\x7d\x59\x33\xa5\xe7\x9d\x3e\x6d\xe8\xfe\x60\x03\xbb\x43\x49\
\x10\x73\xa9\x65\xb0\x27\x70\xca\xa9\x80\x12\x3c\xb4\x08\x50\xec\
\xe0\x78\x6b\xdf\x9c\x91\x2f\x50\xb7\xb2\x23\xfb\x07\x49\x10\xf3\
\x9e\x32\x78\x17\xe7\x2e\x5e\x72\xba\x65\xf0\x1c\xb0\xc1\x89\x80\
\x12\x3c\x34\x03\x20\x56\x2a\x0c\x7c\x0e\x34\x75\x22\x58\x91\xfc\
\x39\xf9\xfc\xd5\x2e\x34\xae\x59\xce\x89\x70\x22\xff\xb0\x64\xfd\
\x2e\x9e\x78\xeb\x2b\x76\x1d\x3c\xea\x54\xc8\x45\x40\x0f\x60\x8f\
\x53\x01\x25\xb0\x69\x06\x40\xac\x10\x06\xf4\xc6\x3b\x5d\x59\xc6\
\xf6\x60\xd7\x4e\xed\xfb\xb8\x0f\xa5\x0a\xe7\xb5\x3b\x9c\xc8\x0d\
\x5d\x6b\x19\x0c\x75\xae\x65\xb0\x10\xde\xd9\x80\x34\xc0\x72\xc0\
\xf6\x80\x12\xd8\x34\x03\x20\x66\x55\xc0\xdb\xda\x57\xd5\x89\x60\
\x95\x4a\x15\x62\xd4\x1b\x5d\xb9\xa3\x8c\x5a\xfb\xc4\x77\x6c\xdd\
\xfb\x07\x3d\xde\x1c\xc3\xaa\x2d\xfb\x9c\x0a\xb9\x19\xef\xfa\x9a\
\xb5\x4e\x05\x94\xc0\xa3\x19\x00\x31\x2a\x1d\xff\x7f\x6a\x5f\x01\
\xbb\x83\x45\x46\x84\xf3\x56\xaf\x07\xf9\x7a\x50\x0f\xf2\xe5\xcc\
\x6a\x77\x38\x91\x54\xc9\x95\x2d\x13\x9d\x5b\xd6\x27\x6f\xce\x2c\
\x2c\x5e\xbb\xd3\x89\x53\x06\x73\x03\x9d\xf1\x9e\x32\xb8\x0c\x88\
\xb7\x3b\xa0\x04\x1e\xcd\x00\x88\x11\xf5\x81\x51\x40\x09\x27\x82\
\x35\xab\x5b\x91\xe1\xaf\x74\xa2\x60\xde\xec\x4e\x84\x13\x31\xe5\
\xe8\xe1\x3f\x78\x7a\xf0\xf7\x4c\x59\xba\xdd\xa9\x90\x07\x81\x27\
\x81\x79\x4e\x05\x94\xc0\xa0\x02\x40\x52\xc3\xd1\xd6\xbe\x5c\xd9\
\x32\x31\xb8\x6f\x3b\x3a\xb6\xa8\x63\x77\x28\x11\xcb\x78\x2e\x9c\
\x84\xf8\x38\x66\xae\xdc\xc5\x93\x9f\x4e\xe3\xc8\x69\xb5\x0c\x8a\
\x6f\xd2\x23\x00\x49\x29\xc7\x5a\xfb\x3c\x1e\x0f\x8f\xb6\xa8\xc3\
\xb4\xcf\xfa\x52\xb3\x42\x71\x3b\x43\x89\x58\x2b\x39\x09\x4f\xcc\
\x59\x00\x4a\x16\xc8\x4e\x97\x7b\xaa\x10\x1b\x9f\xc0\xda\x5d\x7f\
\x3a\xb1\xc9\xbf\x5a\x06\x25\x55\x34\x03\x20\xb7\x52\x18\x18\x09\
\x34\x71\x22\x58\xd1\x02\xb9\xf8\xfc\xd5\xce\x34\xaa\xa1\xd6\x3e\
\xf1\x43\x71\xd1\x78\xa2\xcf\xfd\xcf\x1f\x2f\xdd\x7a\x88\xee\x1f\
\x4f\x65\xd7\x61\xc7\x3e\x9c\x2f\xc6\xdb\x32\xb8\xdb\xa9\x80\xe2\
\x7f\x34\x03\x20\x37\x13\x06\xf4\x03\x26\x01\xb6\xef\xb0\x93\x26\
\x2c\x94\x97\xbb\xde\xc7\xf8\xf7\x7b\x51\xa2\x50\x1e\xbb\xc3\x89\
\xd8\xc2\x13\x73\x1e\x92\x12\xff\xe7\xcf\x0b\xe6\xca\x4c\xb7\x66\
\xde\x46\x99\x55\x3b\xff\x20\x29\xc9\xf6\xf9\x80\x42\x40\x17\xbc\
\x67\x0b\xac\x46\x2d\x83\x72\x03\x9a\x01\x90\x1b\xa9\x88\x77\x91\
\x9f\x23\xad\x7d\x95\x4b\x17\x62\xd4\x1b\xdd\xa8\x5c\xba\x90\x13\
\xe1\x44\xec\x71\x35\x1e\xcf\xb9\xe3\xb7\xfc\xb6\x6d\x07\x4f\xf0\
\xf8\xc7\x53\x58\xb5\xe3\x0f\x07\x92\x02\x60\x0b\xde\x75\x3b\x6b\
\x9c\x0a\x28\xfe\x41\x05\x80\x5c\x2f\x12\x78\x0d\xef\x27\x7f\xdb\
\x67\x87\x74\x6a\x9f\x04\x12\xcf\xc5\xd3\x70\xe5\x72\x8a\xbe\x37\
\x39\x39\x99\xd1\xb3\xd6\xf2\xfc\x17\x73\xb8\x78\xf9\x8a\xcd\x99\
\x01\xde\x19\x80\x2f\x81\xe7\xd0\x29\x83\xf2\x17\x15\x00\x72\xcd\
\xdd\x78\xb7\xf1\x2d\xe4\x44\xb0\x7b\xeb\x55\x64\xf8\x2b\x9d\xb9\
\x2d\x4f\x36\x27\xc2\x89\xd8\x2b\x31\x01\xcf\xb9\x63\xa4\x76\xa5\
\xdf\xb1\x33\xd1\xf4\x1e\x36\x93\x9f\x96\x6c\xb3\x27\xaf\xff\x75\
\x08\x6f\xcb\xe0\x5c\xa7\x02\x8a\xef\x52\x01\x20\x59\x81\x77\x81\
\xee\x4e\x04\x53\x6b\x9f\x04\x22\xcf\xc5\x53\x70\x25\xd6\xf0\xf5\
\x33\x57\xee\xe2\xa9\x21\xd3\xf9\xf3\xd4\x05\x0b\xb3\xfa\x4f\x93\
\x81\x5e\xc0\x49\xa7\x02\x8a\xef\xd1\x22\xc0\xe0\xf6\x10\xde\x4f\
\x02\x75\xed\x0e\x74\xad\xb5\x6f\xfa\x67\xcf\x51\xb3\x42\x31\xbb\
\xc3\x89\x38\x27\x21\x16\xcf\x25\x73\x37\xee\x92\x05\xb2\xd3\xf5\
\x9e\x2a\x5c\xbe\xe2\x68\xcb\xe0\xe3\xa8\x65\x30\xa8\x69\x06\x20\
\x38\x15\xc1\xdb\xda\xd7\xd8\x89\x60\xc5\x6e\xcb\xc5\xe7\xaf\x76\
\xa1\x61\xf5\xb2\x4e\x84\x13\x71\x50\x32\x9e\xb3\xc7\x20\xd1\xba\
\xad\x7f\x97\x6d\x3b\x44\xf7\x8f\xa6\xb1\xf3\xb0\x63\x1f\xce\x97\
\xe0\x9d\x01\x54\xcb\x60\x90\xd1\x0c\x40\x70\xb9\x76\x6a\xdf\x8f\
\x38\xd4\xda\xf7\x7c\xa7\xe6\x4c\xfc\xa0\x37\x25\x0a\xe6\xb6\x3b\
\x9c\x88\xe3\x3c\x31\xe7\x20\x3e\xce\xd2\x31\x6f\xcb\x99\x99\xee\
\xcd\xab\x12\x95\x2e\x9c\xa5\x5b\x7f\x77\xe2\x94\xc1\x82\x40\x57\
\xbc\xa7\x0c\xae\x00\xfe\xb7\x8f\x51\x02\x92\x66\x00\x82\x47\x45\
\xbc\xa7\xf6\x55\x71\x22\x58\xcd\x0a\xc5\x19\xf5\x46\x57\xca\x16\
\xcd\xef\x44\x38\x11\xe7\x5d\xb9\xec\x5d\xf9\x6f\xa3\xbd\x47\xce\
\xd0\xfd\xa3\xa9\x2c\xda\x7c\xc0\xd6\x38\xd7\xd9\x82\x77\x36\x60\
\xb5\x53\x01\xc5\x3d\x2a\x00\x02\x9f\xa3\xad\x7d\x51\xe9\xd2\x32\
\xa0\x47\x4b\xb5\xf6\x49\x60\xbb\x9a\x80\xe7\xc2\x09\xb0\xff\xd3\
\xb9\x9b\x2d\x83\xfd\x80\x68\x27\x02\x8a\x3b\x54\x00\x04\xb6\x7b\
\xf0\xb6\xf6\x15\x74\x22\x58\xf3\xfa\x95\x18\xd6\xbf\x93\x5a\xfb\
\x24\xb0\x25\x25\xe2\x39\x7f\xc2\xd2\xe7\xfe\x29\x71\xec\x4c\x34\
\x4f\x0f\x9b\xc9\x8f\xce\xb5\x0c\x1e\xc1\xfb\xc8\x70\xaa\x53\x01\
\xc5\x59\x2a\x00\x02\x53\x2e\xe0\x13\xa0\x9d\x53\x01\x4b\x15\xce\
\xcb\x8e\xe9\xef\x3b\x15\x4e\xc4\x1d\x49\x89\xde\xd3\xfe\xae\x26\
\xb8\x96\x42\xe9\xce\x9f\x38\x79\xa6\x00\xc0\x78\xe0\x19\xd4\x32\
\x18\x70\x34\x47\x1b\x78\x1e\x02\xb6\xe1\xe0\xcd\x1f\x20\x24\x44\
\xb5\xa4\x04\xb8\xa4\x44\x3c\x17\x4e\xb9\x7a\xf3\x07\xdc\x78\xb4\
\xd6\x0e\x6f\x87\x40\x77\xf4\xa1\x31\xa0\xa8\x00\x08\x1c\x59\x80\
\x99\x78\x0f\xef\xc9\xee\x72\x2e\x22\x81\x25\x31\x01\xcf\xf9\x93\
\x70\x35\xde\xed\x4c\xdc\x92\x19\xf8\x02\x98\xfe\xd7\xff\x97\x00\
\x10\xe6\x76\x02\x62\x89\x28\xe0\x17\xa0\xb2\xdb\x89\x88\xef\x39\
\x73\x3e\x86\x35\xdb\xf6\xb3\x76\xdb\x01\x76\x1d\x38\xca\x99\x0b\
\xd1\x9c\xbd\x70\x89\xb3\x17\xbc\x5b\xc2\x67\xcb\x9c\x9e\x2c\x19\
\xa3\xc8\x96\x29\x03\xa5\x8a\xe4\xa5\x5a\xf9\xa2\x54\x2b\x57\x84\
\xac\x99\xd2\xbb\x9c\xb9\x8f\x88\xbf\xec\x3d\xe2\xf7\x06\xa7\xfc\
\x05\xa1\x16\xc0\x02\xa0\x3e\x90\xb2\x83\x0f\xc4\x67\xa9\x00\x08\
\x0c\x1f\xa2\x9b\xbf\x5c\x67\xdf\xe1\x13\x7c\x3f\x6b\x39\x93\xe6\
\xae\x62\xd7\xc1\xa3\xff\xf9\xbd\x07\x8f\xdc\xf8\x79\x72\xe9\x22\
\x79\x79\xa8\x69\x0d\x1e\x6d\x5e\x9b\xa2\x05\x72\xd9\x91\xa6\x8f\
\x4b\x86\xcb\x17\xf1\x5c\xbe\x90\xea\x3d\xfe\x03\x5c\x15\xe0\x03\
\xa0\xa7\xdb\x89\x88\x39\x7a\x9e\xe3\xff\x0a\x03\x7b\x70\xb9\x98\
\x2b\x53\x34\x1f\xdb\xa6\x0e\x76\x33\x85\xa0\x97\x94\x94\xcc\x84\
\xb9\x2b\x19\x31\x61\x01\x2b\x36\xed\xb5\x6c\x5c\x8f\xc7\x43\xad\
\x8a\xc5\xe9\xd9\xae\x31\x0f\x37\xad\x81\xc7\x13\x04\x6f\x1b\x09\
\x57\xf0\xc4\x9c\x75\xfd\x79\xff\x8d\x94\xeb\x3a\x84\xed\x87\x4e\
\xb8\x9d\xc6\x55\xa0\x18\xf0\xbb\xdb\x89\x88\x71\x9a\x01\xf0\x7f\
\xad\xd1\xbf\x63\xd0\x5b\xb0\x72\x1b\x2f\x7d\x32\x81\x8d\xbb\x0e\
\x59\x3e\x76\x72\x72\x32\xcb\x37\xee\x61\xf9\xc6\x3d\x7c\xf8\xf5\
\x2c\xde\x7d\xa6\x2d\x8d\x6b\x96\xb3\x3c\x8e\x4f\x48\x4a\xc4\x73\
\xe9\x3c\xc4\x5d\x72\x3b\x13\x5f\x17\x86\xf7\xbd\xe7\x63\xb7\x13\
\x11\xe3\x74\xe3\xf0\x7f\x15\xdd\x4e\x40\xdc\xb3\xef\xf0\x09\x7a\
\xbd\xf3\x0d\xf3\x57\x6c\x75\x24\xde\x86\x9d\x87\x68\xda\xe3\x3d\
\x9a\xd4\x2a\xcf\xb0\xfe\x9d\x28\x76\x5b\x80\x3c\x1a\x48\x4c\xc4\
\x13\x7b\x11\x62\x63\xd0\x7c\x7f\x8a\x55\x70\x3b\x01\x31\x47\x5d\
\x00\xfe\x2f\x8b\xdb\x09\x88\xf3\x12\xae\x26\xf2\xde\x98\x99\x54\
\x68\xfd\xb2\x63\x37\xff\xeb\xcd\x5f\xb1\x95\x0a\xad\x5f\xe6\xbd\
\x31\x33\x49\xb8\xea\xc7\x8b\xe3\xe2\xbd\xdb\xf9\x7a\xce\x1d\x85\
\xd8\x68\x74\xf3\x4f\x15\xbd\xf7\xf8\x39\x15\x00\xfe\xcf\xca\xcd\
\xc8\x8f\x59\x38\x96\xd8\x64\xcd\xb6\xfd\x54\x6b\xf7\x2a\xfd\x87\
\x4c\x24\xf6\x8a\x7b\x6d\x69\xb1\x57\xe2\xe9\x3f\x64\x22\xd5\xda\
\xbd\xca\x9a\x6d\xfb\x5d\xcb\x23\x55\x92\x12\xbd\x7b\xf8\x47\x9f\
\xc1\x73\xfa\x08\x9e\x0b\xa7\xe1\xca\x65\x48\x0e\x9a\x1b\xbf\x95\
\xaf\xf1\x33\x16\x8e\x25\x2e\xd0\x23\x00\xff\xb7\x12\xe8\x68\x72\
\x8c\x04\xbc\xcf\xf2\x26\x62\xf4\x6c\xf0\xe4\x64\xc7\xb7\x46\x0d\
\x36\x97\xe3\xe2\x19\x38\x6a\x3a\x1f\x7e\x3b\xc7\x89\x13\xe2\x52\
\x6c\xf3\xee\xc3\xd4\xea\xf0\x06\xdd\x5a\xd5\xe7\x83\x67\xdb\x92\
\x21\x2a\xc2\xdd\x84\x92\x93\xfe\xda\xa3\xdf\xfb\xbf\x9e\xc4\xab\
\x90\x98\xe0\x5d\xd0\xa7\xdf\xd1\x7b\x80\xbb\x81\x37\x81\xb4\x26\
\xc7\x5a\x61\x3e\x1d\x71\x93\x0a\x00\xff\xf7\x13\xde\x96\x1c\xa3\
\x4d\xdb\x4b\xf1\xee\xf0\xb5\x0b\x28\x63\x38\x8b\xc4\xab\x78\xce\
\xfe\x77\xbb\x99\x18\x37\x6b\xd5\x6e\x9e\x1a\x32\x9d\xc3\x27\xcf\
\xbb\x9d\xca\x0d\x25\x25\x25\x33\xea\xa7\x45\xcc\x5d\xba\x89\x11\
\x7d\xee\xe7\xde\x1a\x25\xdd\x4e\x49\x6e\x2c\x01\x18\x8c\x77\x43\
\x9f\x51\x40\x5d\x83\xe3\xc4\xa0\x33\x02\xfc\x9e\x1e\x01\xf8\xbf\
\x53\xc0\x7b\x06\xae\x3b\x0f\x3c\x81\x77\x43\x8f\x5d\x96\x66\x24\
\x96\x39\x71\x2e\x86\xb6\x03\x27\xd0\xfc\x95\x6f\x7d\xf6\xe6\x7f\
\xbd\xc3\x27\xcf\xd3\xfc\x95\x6f\x69\x3b\x70\x02\x27\xce\xc5\xb8\
\x9d\x8e\xdc\xdc\x2e\xbc\xaf\xfd\x27\xf0\xbe\x17\xa4\xd6\x7b\x58\
\xfb\xf8\x51\x5c\xa0\x02\x20\x30\xbc\x0b\x4c\x49\xc5\xf7\xff\x84\
\xf7\xd3\xfe\x17\x68\xd5\x93\x4f\x4a\x4e\x4e\xe6\xab\x39\xeb\x28\
\xdd\xf9\x13\x26\x2e\xda\xe2\x76\x3a\xa9\x36\x71\xd1\x16\x4a\x77\
\xfe\x84\xaf\xe6\xac\x23\x39\x78\x9e\xaf\xfb\x9b\x64\xbc\xef\x01\
\x65\xf0\xbe\x27\xa4\xd4\x8f\xc0\x3b\xb6\x64\x24\x8e\x52\x01\x10\
\x18\x92\x80\xb6\x78\x5f\x94\xff\xb5\x24\xfb\x30\xd0\x12\x78\x10\
\x2d\xf8\xf3\x59\x7b\x8f\x9c\xa1\xc1\x73\x63\xe8\xfa\xe1\x14\xce\
\x45\xc7\xba\x9d\x8e\x61\xe7\xa2\x63\xe9\xfa\xe1\x14\x1a\x3c\x37\
\x86\xbd\x47\xb4\x5e\xcc\x87\x1d\xc3\xfb\x9e\xd0\x12\xef\x7b\xc4\
\xcd\x24\x02\x83\xf0\x1e\x0e\xa4\xaa\x2e\x00\x68\x0d\x40\xe0\x48\
\x00\x5e\x01\xbe\x01\x3a\xe3\x7d\xb6\x57\x08\x38\x07\xec\x03\x66\
\x01\xe3\x80\x38\x77\xd2\x93\x5b\x49\xb8\x9a\xc8\x07\x93\x96\x32\
\x70\xec\xaf\xc4\xc5\x07\xce\x62\xb5\x45\x9b\x0f\x70\x7b\xb7\x21\
\xbc\xfa\x68\x03\x9e\x6f\x53\x97\x34\x61\xa1\x6e\xa7\x24\x37\x36\
\x1d\x98\x07\x74\x00\x9a\xe1\xdd\xe9\x2f\x0b\x70\x08\x58\x02\x7c\
\x8d\xf7\xbd\x44\x02\x84\x0a\x80\xc0\xb3\x17\xe8\xef\x76\x12\x92\
\x3a\x1b\xf7\x1d\xa5\xdb\x87\x53\xd8\xb0\x37\x30\x17\x52\xc6\xc5\
\x5f\xe5\x95\x31\xf3\x19\xff\xeb\x66\x46\xf7\x7d\x80\x1a\x65\x0a\
\xb8\x9d\x92\xdc\x58\x1c\xf0\xe5\x5f\x5f\x12\xe0\xf4\x08\x40\xc4\
\x45\x97\xaf\x24\xf0\xd2\xe8\x79\x54\x7d\x72\x44\xc0\xde\xfc\xaf\
\xb7\xed\xe0\x09\x6a\x3d\x3d\x92\x1e\x9f\x4c\xe3\xe2\xe5\x2b\x6e\
\xa7\x23\x12\xd4\x34\x03\x20\xe2\x92\x99\x2b\x77\xd1\x73\xc8\x74\
\xfe\x38\x75\xc1\x91\x78\x99\xb3\x64\xa1\x65\xcb\x56\xd4\xae\x53\
\x9b\x32\x65\xca\x92\x2d\x7b\x76\x92\x93\x93\x39\x73\xfa\x34\x3b\
\x77\xee\x60\xf9\xb2\xe5\x4c\x9d\x3a\x85\x0b\xe7\xed\xed\x36\x48\
\x4e\x4e\x66\xd4\xcf\x6b\x98\xb3\x7a\x37\xc3\xfb\xdc\x4f\x8b\x9a\
\xa5\x6c\x8d\x27\x22\x37\x16\x04\xc7\x7a\x49\x2a\x94\x01\xb6\x1b\
\xba\xb0\x60\x4e\xb6\x7f\xf5\x8c\xc5\xe9\x04\xa6\xe3\x67\xa3\x79\
\x7a\xd8\xcf\x4c\x5e\xec\xcc\x16\xbe\xb9\x72\xe5\xe2\xe5\x57\x5e\
\xa1\xe3\x63\x9d\x48\x9b\xf6\xbf\xf7\x7e\x89\x8b\x8b\xe3\xbb\x6f\
\xbf\xe1\xdd\xb7\xdf\xe6\xe4\xc9\x93\x8e\xe4\xf7\x50\xfd\xf2\x7c\
\xd6\xab\x39\xb9\xb3\x66\x70\x24\x9e\xbf\x33\x79\x1a\x60\x59\x60\
\x87\x85\xe9\x88\x1f\xd3\x23\x00\x11\x87\x24\x27\x27\xf3\xdd\xfc\
\x8d\x94\xeb\x3a\xc4\x91\x9b\xbf\xc7\xe3\xa1\x4b\xd7\x6e\x6c\xde\
\xba\x8d\xc7\xbb\xf7\xb8\xe5\xcd\x1f\x20\x22\x22\x82\xee\x3d\x9e\
\x60\xdb\xce\x5d\xf4\xed\xd7\x8f\xd0\x50\xfb\x17\xec\x4d\x5e\xbc\
\x95\x52\x9d\x3e\x61\xc8\x94\x15\x24\xa9\x65\x50\xc4\x31\x2a\x00\
\x44\x1c\xb0\xff\xe8\x59\x1a\xbf\xf0\x15\x8f\x0d\x9e\xcc\x99\x8b\
\x97\x6d\x8f\x57\xac\x58\x31\x66\xcf\x9d\xc7\xd0\xe1\xc3\xc9\x90\
\x31\x63\xaa\xaf\x8f\x8a\x8a\x62\xe0\xa0\xb7\x99\xbf\x70\x21\xa5\
\xcb\x18\xdf\x20\x32\xa5\x2e\x5c\x8a\xe3\x99\xe1\x3f\x53\xff\x99\
\xd1\xec\x3c\xec\xcc\xcc\x83\x48\xb0\x53\x01\x20\x62\xa3\x84\xab\
\x89\x0c\x9e\xb0\x98\x72\x5d\x3f\x65\xe1\x06\xfb\x0f\xcc\x49\x93\
\x26\x0d\x7d\xfb\xf5\x63\xcd\xfa\x0d\xd4\xab\x5f\xdf\xf4\x78\x35\
\x6a\xd4\x64\xe5\xea\x35\x0c\x1c\xf4\x36\x11\x11\xf6\xef\xf1\xbf\
\x6c\xdb\x21\x2a\x3c\x3e\x94\x97\x46\xcf\xe3\x4a\x42\xe0\xb4\x42\
\x8a\xf8\x22\x15\x00\x22\x36\x59\xb9\xe3\x30\x95\x7a\x0c\xe3\xa5\
\xd1\xf3\x1c\xe9\xeb\xaf\x55\xab\x36\xab\xd7\xae\x63\xe0\xa0\xb7\
\x53\x34\xdd\x9f\x52\xd7\x17\x15\x77\xde\x75\x97\x65\xe3\xde\xcc\
\xb5\xa2\xa9\x7c\xd7\x21\x2c\xda\x7c\xc0\xf6\x78\x22\xc1\x4a\x05\
\x80\x88\xc5\x2e\xc5\xc5\xf3\xd2\xe8\x79\xd4\xed\x33\xca\xcc\x62\
\xad\x14\xcb\x98\x29\x13\xef\x7f\xf8\x11\xf3\x7e\xf9\x85\x92\xa5\
\xec\x5b\x51\x5f\xb4\x68\x51\x7e\x9e\x3d\x87\xd1\x63\xc6\x90\x35\
\x6b\x36\xdb\xe2\x5c\x73\x6d\x47\x44\xb5\x0c\x8a\xd8\x43\x05\x80\
\x88\x85\x7e\x5e\xb5\x8b\x32\x9d\x3f\x65\xf0\x84\xc5\x8e\x1c\xd9\
\x7b\x4f\xb3\x66\xac\xdb\xb0\x91\x9e\xbd\x7a\x11\x12\x62\xff\xcb\
\xd9\xe3\xf1\xd0\xfe\x91\x0e\xac\xdf\xb4\x89\x76\xed\x1f\xb1\x3d\
\xde\xb5\x96\xc1\x52\x9d\x3e\xe6\xc7\x25\xdb\x6c\x8f\x27\x12\x4c\
\x54\x00\x88\x58\xe0\xf8\xd9\x68\x3a\xbe\x37\x99\x16\xaf\x7c\xe7\
\xc8\xa9\x7d\xb9\x73\xe7\x66\xdc\xf8\x09\xfc\x38\x65\x2a\xf9\xf2\
\xe5\xb3\x3d\xde\xbf\xe5\xcc\x99\x93\x2f\xbf\xfa\x8a\x9f\xa6\x4e\
\xa3\x40\x01\xfb\x77\xf5\x3b\x76\x26\x9a\x87\xde\xfc\x81\x16\xaf\
\x7c\xc7\x9f\x0e\xed\x9b\x20\x12\xe8\x54\x00\x88\x98\x70\x7d\x6b\
\xdf\xd8\x05\x1b\x6d\x8f\x77\xad\xb5\x6f\xd3\x96\xad\xb4\x6c\xd5\
\xca\xf6\x78\xb7\x72\xf7\x3d\xf7\xb0\x61\xf3\x16\xc7\x5a\x06\x7f\
\x5e\xb5\x8b\x72\x5d\x87\xa8\x65\x50\xc4\x02\x2a\x00\x44\x0c\xda\
\x77\xe4\x0c\x8d\x9e\x77\xae\xb5\xaf\x4c\xd9\xb2\xfc\xba\x78\xb1\
\xe1\xd6\x3e\xbb\x44\x46\x46\x32\x70\xd0\xdb\x2c\x59\xb6\x9c\x8a\
\x95\x2a\xd9\x1e\xef\x5a\xcb\x60\xbd\x67\x46\xb1\xe3\x77\xb5\x0c\
\x8a\x18\xa5\x02\x40\x24\x95\xfe\xbf\xb5\x6f\x08\xbf\x6e\xb4\xbf\
\xb5\x2f\x22\x22\x82\xfe\x03\x06\xb0\x7c\xe5\x2a\xaa\x55\xab\x6e\
\x7b\x3c\xa3\x2a\x56\xaa\xc4\xe2\xa5\xcb\x78\xff\xc3\x8f\x88\x8a\
\x8a\xb2\x3d\xde\xf2\x6d\xbf\x53\xb1\xbb\x5a\x06\x45\x8c\x52\x01\
\x20\x92\x0a\x2b\xb6\xff\x7f\x6b\x9f\x13\x37\x9d\xda\xb5\xeb\xb0\
\x72\xf5\x1a\x5e\x19\xf0\x2a\xe1\xe1\xe1\xb6\xc7\x33\x2b\x2c\x2c\
\x8c\x9e\xbd\x7a\xb1\x6a\xed\x3a\xee\x6a\xd0\xc0\xf6\x78\xd7\xb7\
\x0c\xfe\xb6\x49\x2d\x83\x22\xa9\xa1\x02\x40\x24\x05\x2e\x5c\x8a\
\xa3\xcf\xf0\x9f\xa9\xdb\xe7\x0b\x47\x5a\xfb\x32\x65\xce\xcc\xfb\
\x1f\x7e\xc4\xdc\x05\x0b\x28\x51\xb2\xa4\xed\xf1\xac\x56\xa4\x48\
\x11\x66\xce\x9a\xcd\xe8\x31\x63\xc8\x96\x2d\xbb\xed\xf1\xf6\x1e\
\x39\x43\xc3\x7e\x63\xe8\xf8\xde\x64\xce\x46\xc7\xda\x1e\x4f\x24\
\x10\xa8\x00\x10\xb9\x85\x99\x2b\x77\x51\xbe\xeb\x10\x3e\x73\x68\
\xe1\x99\xd3\xad\x7d\x76\xb9\xd6\x32\xb8\x6e\xe3\x46\xc7\x5a\x06\
\xc7\x2e\xd8\x48\xd9\x2e\x9f\xf2\xdd\x7c\xfb\x17\x64\x8a\xf8\xbb\
\x60\x3a\x0d\x30\x1d\x50\x09\x28\x0f\x14\x06\xb2\x00\x99\x50\x11\
\x74\xbd\x8c\x40\x53\x43\x17\x46\xa6\xa5\x69\xd5\x12\x16\xa7\xe3\
\xbe\x93\xe7\x63\x58\xbc\xf9\xa0\x23\xb1\x0a\x14\x28\xc0\xa7\x9f\
\x0d\xe5\xee\x7b\xee\x71\x24\x9e\xd3\xe6\xce\x99\xc3\x33\x4f\xf7\
\xe6\x8f\x3f\xfe\x70\x24\x5e\xfd\x0a\x85\xc9\x99\x39\xbd\x23\xb1\
\x9c\x34\x6f\xed\x1e\x33\x1b\x23\xcd\x03\x2e\x5a\x98\x8e\xbf\x4b\
\x02\x2e\x00\xe7\x80\x83\xc0\x56\x60\x03\x10\xe7\x66\x52\x4e\x09\
\xf4\x02\x20\x13\xd0\x16\x78\x00\xb8\x13\xf0\xfd\x87\xa8\x12\x74\
\x42\x43\x43\x79\xe2\xc9\x27\x79\xed\x8d\x37\x49\x9f\x3e\xf0\x6e\
\x58\xd7\x8b\x89\x89\xe1\xad\x37\x5e\x67\xe4\xe7\x9f\x93\x98\x98\
\xe8\x76\x3a\x22\x37\x12\x0f\x2c\x02\x7e\x02\x26\x10\xc0\x05\x53\
\xa0\x16\x00\x79\x81\x97\x81\xce\x80\xfd\xcb\x91\x45\x0c\x2a\x57\
\xbe\x3c\xc3\x47\x7c\x4e\x95\xaa\x55\xdd\x4e\xc5\x51\xeb\xd6\xae\
\xa5\xe7\x53\x4f\xb2\x6d\xab\xfd\xc7\x22\x8b\x98\x10\x03\x8c\x01\
\x06\x03\xc7\x5c\xce\xc5\x72\xf6\xef\xdc\xe1\xac\x10\xa0\x37\x30\
\x1d\xa8\x8d\x3e\xf1\x8b\x8f\x4a\x97\x2e\x1d\xaf\xbd\xfe\x06\x5f\
\x8c\xfe\xd2\x91\x9d\xf4\x7c\x4d\xde\x7c\xf9\xe8\xd4\xb9\x33\x91\
\x91\x91\xac\x5a\xb5\x92\xab\x57\xd5\xc6\x27\x3e\x29\x1c\xa8\x01\
\x3c\x89\xf7\x71\xc1\xea\xbf\xfe\x37\x20\x04\xd2\x0c\x40\x21\xbc\
\x95\x9a\xfd\xbd\x47\x22\x26\xd4\xa9\x53\x97\xa1\xc3\x87\xfb\xe5\
\xea\x7e\x3b\x1c\x3c\x78\x90\xa7\x7b\xf5\xe4\xd7\x85\x0b\xdd\x4e\
\x45\xe4\x56\x36\xe0\x7d\xac\xbc\xd7\xed\x44\xac\x10\x28\x05\x40\
\x55\x60\x0e\x60\xff\x11\x65\x22\x06\x65\xca\x9c\x99\x41\x6f\xbf\
\x4d\xe7\x2e\x5d\xf1\x78\x02\xe5\xa5\x67\x9d\x29\x3f\xfd\xc4\x33\
\x4f\x3f\xcd\x99\x33\xa7\xdd\x4e\x45\xe4\xbf\x44\x03\x6d\x80\xb9\
\x6e\x27\x62\x56\x20\x3c\x02\x68\x80\xf7\x1f\x22\xb3\xdb\x89\x88\
\xdc\x4c\x9b\xb6\x6d\x99\x32\x75\x1a\x75\xea\xd4\xd5\xcd\xff\x26\
\x4a\x97\x29\x43\x87\x8e\x1d\x39\x7a\xec\x28\xdb\xb7\xe9\xe4\x3f\
\xf1\x59\x69\xf1\x16\x00\x9b\x81\x3d\x2e\xe7\x62\x8a\xbf\xbf\x13\
\x35\x02\x66\x02\x11\x6e\x27\x22\x72\x23\x05\x0b\x16\xe4\xd3\xcf\
\x86\xd2\xa4\xa9\xa1\xee\xca\xa0\x35\x7f\xde\x3c\x9e\x79\xba\x37\
\xbf\xff\xfe\xbb\xdb\xa9\x88\xdc\xcc\x15\xbc\x6d\xd3\x8b\xdd\x4e\
\xc4\x28\x7f\x9e\x01\x28\x0e\xcc\x07\x32\xb8\x9d\x88\xc8\xbf\x85\
\x86\x86\xd2\xab\x77\x6f\xbe\x1f\x3f\x81\xd2\xa5\x4b\xbb\x9d\x8e\
\xdf\x29\x5a\xac\x18\x9d\xba\x74\x21\x2e\x2e\x96\xf5\xeb\xd6\x91\
\xac\x93\xff\xc4\xf7\x84\xe1\x2d\x00\xbe\x07\x2e\xb9\x9c\x8b\x21\
\xfe\x3a\x03\x10\x06\x2c\x07\xaa\xb9\x9d\x88\xc8\xbf\x05\x6b\x6b\
\x9f\x5d\xb6\x6c\xde\x4c\xcf\xa7\x9e\x64\xc3\xfa\xf5\x6e\xa7\x22\
\x72\x23\xbf\x01\x8d\x01\xbf\xdb\xd8\xc2\x5f\x67\x00\x9e\x03\x3a\
\xb9\x9d\x84\xc8\xf5\x22\x23\x23\x79\xfd\x8d\x37\xf9\x62\xf4\x97\
\xe4\x0f\xc2\xd6\x3e\xbb\xe4\xca\x9d\x9b\x8e\x8f\x3d\x46\xfa\xa8\
\xf4\xac\x5a\xb5\x92\x84\x84\x04\xb7\x53\x12\xb9\x5e\x61\xbc\xbb\
\x09\xae\x74\x3b\x91\xd4\xf2\xc7\x19\x80\x5c\x78\x17\x5e\xf8\xce\
\x81\xe8\x12\xf4\xee\x6a\xd0\x80\xcf\x86\x0d\xa7\x48\x91\x22\x6e\
\xa7\x12\xd0\x0e\x1c\x38\xc0\xd3\xbd\x7a\xf2\xdb\xaf\xbf\xba\x9d\
\x8a\xc8\xf5\x2e\xe0\x7d\x2c\x7d\xca\xed\x44\x52\xc3\x1f\xf7\xc1\
\x7f\x0e\xdd\xfc\xc5\x47\x64\xce\x92\x85\xa1\xc3\x87\x33\x73\xd6\
\x6c\xdd\xfc\x1d\x50\xa4\x48\x11\x7e\x9e\x3d\x87\xb1\xe3\x7e\x20\
\x7b\xf6\x1c\x6e\xa7\x23\x72\x4d\x26\xe0\x59\xb7\x93\x48\x2d\x7f\
\x9b\x01\x88\x02\x8e\xe0\xfd\x61\x8b\xb8\xaa\x6d\xbb\xf6\x0c\xfe\
\xe0\x7d\xdd\x88\x5c\x72\xfa\xf4\x29\x5e\x7c\xfe\x05\x26\x8c\xff\
\xc1\xed\x54\x44\x00\xce\x03\xf9\x80\xcb\x6e\x27\x92\x52\xfe\x36\
\x03\xd0\x0a\xdd\xfc\xc5\x65\x85\x0a\x15\x62\xfa\xcc\x9f\x19\xf3\
\xf5\xd7\xba\xf9\xbb\x28\x7b\xf6\x1c\x8c\xf9\xfa\x6b\xe6\xce\x5f\
\x40\xf1\xe2\xc5\xdd\x4e\x47\x24\x33\x70\xbf\xdb\x49\xa4\x86\xbf\
\xcd\x00\xcc\x00\x5a\x98\x1d\xa4\x76\xf9\xcc\x34\xab\x99\x8d\x02\
\x39\x23\x88\x08\xf7\xb7\x1a\x48\xae\x49\x4a\x82\x11\x53\xff\x64\
\xc9\xe6\x73\x8e\xc4\x0b\x0b\x0b\xe3\xa9\x5e\xbd\x78\xf5\xb5\xd7\
\x89\x8c\x8c\x74\x24\xa6\xa4\xcc\xe5\xcb\x97\x19\xf8\xd6\x9b\x8c\
\x18\x36\xcc\xb1\x73\x05\xea\x55\xc8\xc2\x53\xad\xf2\x13\xa2\xb7\
\x10\xbf\x15\x17\x9f\xc4\x1f\x27\xe3\x98\xb5\xe2\x34\x2b\xb6\x5d\
\xb0\x62\xc8\x69\x78\x3f\xa8\xfa\x05\x7f\x2a\x00\xc2\x80\x33\x98\
\x78\xfe\x5f\x30\x77\x04\xdf\xbe\x52\x96\xfa\x15\xb3\x58\x97\x95\
\xb8\x62\xeb\x81\x18\x1e\x1f\xbc\x93\xd5\x3b\x2c\x79\xd1\xde\x52\
\xc5\x4a\x95\x18\x3e\xe2\x73\x2a\x56\xaa\xe4\x48\x3c\x31\x66\xd3\
\xc6\x8d\xf4\x7c\xea\x49\x36\x6d\xdc\xe8\x48\xbc\xea\x65\x32\x31\
\xfa\xc5\xd2\x94\x2f\x12\xd8\xc7\x38\x07\x83\xdf\x36\x9c\xa3\xd3\
\x3b\xdb\x39\x7c\x22\xce\xcc\x30\x17\xf1\x6e\x49\xef\x17\xa7\x5b\
\xf9\x53\x01\x50\x0d\xef\x49\x4c\x86\x14\xc8\x19\xc1\xca\x91\x55\
\xc9\x97\x23\xad\x85\x29\x89\xd3\xe2\xe2\x93\x18\xf8\xcd\x41\x3e\
\x18\x7f\x88\x84\xab\xf6\x6f\x0e\x13\x19\x19\xc9\x80\x57\x5f\xa3\
\x67\xef\xde\x84\x85\x85\xd9\x1e\x4f\xcc\xbb\x7a\xf5\x2a\xc3\x87\
\x0e\x65\xd0\xc0\xb7\xb8\x7c\xd9\xfe\xc7\xb1\x69\xc2\x3c\x3c\xdf\
\xae\x10\xaf\x76\x2a\xac\x19\x45\x3f\xf7\xe7\xa9\x2b\xd4\xec\xb1\
\x86\x3f\x4f\x5d\x31\x33\x4c\x75\x60\x8d\x45\x29\xd9\xca\x9f\xf6\
\x01\x78\x10\xb8\xdb\xe8\xc5\x3f\x0d\xba\x9d\x8a\xc5\xb5\x69\xa0\
\x3f\xfb\x6d\xc3\x39\xee\x7d\x7e\x13\xd3\x97\x9d\x22\xc9\x81\x03\
\x39\x1b\x36\x6a\xc4\xd4\xe9\x33\xb8\xfb\x9e\x7b\x08\xd1\x3c\xaf\
\xdf\x08\x09\x09\xa1\x46\xcd\x9a\xb4\x79\xb8\x2d\xbb\x77\xed\xe2\
\xe0\x81\x03\xb6\xc6\x4b\x4a\x82\xa5\x5b\xce\x33\xe9\xd7\x13\x94\
\x2b\x92\x9e\xc2\x79\xd2\xd9\x1a\x4f\xec\x93\x31\x2a\x8c\x72\x85\
\xd3\xf3\xfd\xfc\xe3\x66\x86\xd9\x8e\x89\x0f\xab\x4e\xf2\xa7\x77\
\xb5\x9a\x46\x2f\xac\x5a\x3a\x23\x8d\xaa\x64\xb5\x32\x17\x71\xd0\
\xb9\xe8\x04\xba\xbe\xb7\x83\x86\xcf\xac\x67\xef\x9f\xf6\x7f\xa2\
\xbb\xb6\xb8\x6c\xc6\xcf\xb3\x28\x54\xa8\x90\xed\xf1\xc4\x1e\x85\
\x0a\x15\x62\xc6\xcf\xb3\x1c\x5b\xac\xb9\xf7\xcf\xcb\x34\x7c\x66\
\x3d\x5d\xdf\xdb\xc1\xd9\x8b\xda\xac\xc8\x5f\x35\xa9\x96\x8d\x2a\
\xa5\x4c\x75\x9a\x1b\xbe\x57\x39\x2d\x28\x0a\x80\xe6\xb5\xb2\x5b\
\x99\x87\x38\x68\xc2\xc2\x13\x94\xee\xb0\x92\xaf\x66\x1d\xc5\x89\
\xed\xe0\xdb\x3f\xd2\x81\x0d\x9b\x37\xd1\xb6\x5d\x7b\xfb\x83\x89\
\x23\xda\xb6\x6b\xcf\x86\xcd\x9b\x68\xff\x48\x07\xdb\x63\x25\x27\
\xc3\x57\xb3\x8e\x52\xe6\xd1\x95\x4c\x58\x78\xc2\xf6\x78\x62\x8f\
\x16\xb5\x4d\xdd\x33\x6a\x58\x95\x87\xdd\xfc\xa5\x00\xc8\x0b\xdc\
\x66\xf4\xe2\x3a\xb7\xeb\xa4\x60\x7f\x73\xf4\xf4\x15\x1e\x78\x65\
\x0b\xed\xde\xd8\xca\x89\xb3\xf1\xb6\xc7\xbb\xf6\x69\x71\xf4\x98\
\x31\x64\xcb\xa6\x82\x31\xd0\x64\xcb\x96\x9d\xd1\x63\xc6\x30\x77\
\xc1\x02\x8a\x97\x28\x61\x7b\xbc\x13\x67\xe3\x69\xf7\xc6\x56\xee\
\x7d\x61\x13\xbf\x1f\x37\xb5\xa8\x4c\x5c\x50\xbb\xbc\xa9\x7b\x46\
\x41\xbc\xfb\x01\xf8\x3c\x7f\x29\x00\x6a\x19\xbd\x30\x34\xc4\x43\
\x95\x92\xda\x38\xd0\x5f\x24\x25\x25\x33\x6a\xc6\x11\x4a\x3d\xb2\
\x82\xa9\x4b\x4e\xda\x1e\x2f\x2c\x2c\x8c\xa7\x7a\xf6\x64\xf5\xba\
\xf5\x34\x6c\xd4\xc8\xf6\x78\xe2\xae\xba\x75\xeb\xb1\x72\xf5\x1a\
\xfa\x0f\x18\x40\x78\x78\xb8\xed\xf1\x66\xaf\x3c\x4d\x99\x47\x57\
\x32\x78\xdc\x21\x12\x93\x74\xa2\xa1\xbf\xa8\x56\x3a\x13\xa1\x21\
\xa6\xd6\xc8\xfb\xc5\x2c\x80\xbf\x14\x00\x86\xa7\xff\xcb\x15\x49\
\x4f\xc6\x28\xad\xde\xf6\x07\x5b\x0f\xc4\x50\xeb\xc9\x75\xf4\xf8\
\x60\x27\xd1\x97\xed\x3f\x58\xeb\xf6\x0a\x15\xf8\x75\xd1\x62\x3e\
\xf8\xe8\x63\xd2\xa7\x57\x1b\x57\xb0\x48\x97\x2e\x1d\xaf\x0c\x78\
\x95\xa5\xcb\x57\x38\x72\x62\xe3\xe5\xb8\x44\x5e\x1a\xb9\x8f\x2a\
\xdd\xd6\xb0\x6e\xd7\x45\xdb\xe3\x89\x79\x19\x22\x43\x29\x5b\x38\
\xca\xcc\x10\x7e\xb1\x0e\x20\xe0\x0b\x80\x9a\xe5\xb4\x71\xa0\xaf\
\x8b\xbd\x92\xc4\x1b\x5f\x1d\xa0\x4a\xb7\x35\x8e\xf4\xf5\x47\x46\
\x46\x32\x70\xd0\xdb\x2c\x5b\xb1\x92\x3b\xaa\x54\xb1\x3d\x9e\xf8\
\xa6\x72\xe5\xcb\xf3\xdb\xe2\x25\x0c\x1d\x3e\x9c\xf4\x19\xec\xef\
\x10\xda\xb4\x37\x9a\x9a\x4f\xac\xa5\xcf\x90\xdd\x5c\x8a\xf3\xbb\
\x93\x63\x83\x8e\xc9\x7b\x87\x0a\x00\x8b\xa4\x05\x0c\xef\xbe\x52\
\xb3\xac\x0a\x00\x5f\xb6\x64\xf3\x39\x2a\x77\x5d\xcd\x9b\x5f\x1f\
\x20\x3e\xc1\xfe\xde\xbe\x26\x4d\x9b\xb2\x6e\xe3\x26\xfa\xf6\xeb\
\x47\x68\xa8\x3f\x75\xc1\x8a\x1d\x42\x42\x42\xe8\xd2\xb5\x1b\x1b\
\x37\x6f\xa1\xc5\x7d\xf7\xd9\x1e\xef\x6a\x62\x32\x9f\xfd\xf8\x07\
\xb7\x3f\xb6\x8a\x05\x6b\xcf\xda\x1e\x4f\x8c\xab\x59\xd6\xd4\x3a\
\x80\x3b\xf0\xde\xbb\x7c\x9a\x3f\x14\x00\x95\x80\x08\xa3\x17\x6b\
\x06\xc0\x37\x9d\x8f\xb9\x4a\x8f\x0f\x76\x72\x67\xef\xf5\xec\xfa\
\xfd\x92\xed\xf1\xb2\x64\xcd\xca\xd0\xe1\xc3\x99\x3a\x7d\x06\x05\
\x0b\x16\xb4\x3d\x9e\xf8\x97\xbc\x79\xf3\x32\x61\xd2\x64\xc6\x8e\
\xfb\x81\x1c\x39\xec\x6f\x19\x3c\x70\x34\x96\x26\x7d\x37\xd0\xe6\
\xb5\xad\x9c\xbe\xa0\x96\x41\x5f\x64\xf2\xde\x91\x16\xa8\x68\x51\
\x2a\xb6\xf1\x87\x02\xc0\xf0\x54\x4a\xb6\x4c\x69\x28\x96\x4f\x7b\
\xb6\xfb\x9a\xc9\xbf\x9d\xa0\x64\xfb\x15\x8c\x9a\x71\xc4\x91\xd6\
\xbe\x07\x5a\xb7\x66\xf3\xd6\xad\x74\xe9\xda\xcd\xfe\x60\xe2\xd7\
\xbc\xbf\x2b\xdb\xe8\xd2\xb5\x1b\x1e\x8f\xfd\x1b\xa5\x5e\xff\x5a\
\x10\xdf\x52\x3c\x7f\x24\xd9\x33\xa5\x31\x33\x84\xcf\x3f\x06\x08\
\xe8\x02\xa0\x66\xd9\x4c\x38\xf0\x1a\x96\x14\x3a\x72\xea\x0a\xad\
\xfa\x6f\xa6\xcd\x6b\x5b\x39\x79\xce\xfe\xd6\xbe\xc2\x85\x0b\x33\
\x73\xd6\x6c\xc6\x8e\xfb\x41\xad\x7d\x92\x62\x99\x32\x67\x66\xe8\
\xf0\xe1\xcc\x5d\xb0\x80\x12\x25\x4b\xda\x1e\xef\xec\xc5\x04\x7a\
\x7c\xb0\x93\x66\xcf\x6f\xe4\xd0\xf1\x58\xdb\xe3\x49\xca\x78\x3c\
\xde\xb3\x1e\x4c\x50\x01\x60\x01\x2d\x00\xf4\x73\xd7\x5a\xfb\x4a\
\x77\x58\xc1\xb4\xa5\xa7\x6c\x8f\x77\x7d\x6b\x5f\x83\x86\x0d\x6d\
\x8f\x27\x00\x5c\x10\xfe\x00\x00\x20\x00\x49\x44\x41\x54\x81\xa9\
\x4e\x9d\xba\xac\x58\xb5\xda\xb1\x96\xc1\x39\xab\xce\x50\xf6\xd1\
\x55\x6a\x19\xf4\x21\x81\xbe\x10\xd0\xd7\x0b\x80\xbc\x40\x7e\xa3\
\x17\x9b\x5c\xc4\x21\x16\xd8\xb2\x3f\x86\x9a\x4f\xac\x75\xb4\xb5\
\xef\xb7\xc5\x4b\xf8\xe0\xa3\x8f\x89\x8a\x32\xd5\xc6\x23\xf2\x77\
\xcb\xe0\xb2\x15\x2b\xa9\x5a\xb5\x9a\xed\xf1\xd4\x32\xe8\x5b\x4c\
\x16\x00\x05\x30\x71\xff\x72\x82\xaf\x17\x00\xb5\x8d\x5e\x18\x1a\
\xe2\xa1\x6a\x69\x6d\x00\xe4\x96\x6b\xad\x7d\x55\x1f\x5f\xc3\x9a\
\x9d\xf6\xbf\x91\x5d\xdf\xda\x57\xf9\x8e\x3b\x6c\x8f\x27\xc1\xa5\
\x6c\xb9\x72\xfc\xba\x78\xb1\x2b\x2d\x83\x31\xb1\x6a\x19\x74\x4b\
\xf5\x32\x99\x08\x0b\x0d\xdc\x0d\x81\x7c\xbd\x00\x30\x3c\x85\x52\
\xbe\x68\x7a\xd2\xa7\x53\x9b\x97\x1b\x96\x6c\x3e\x47\xa5\x2e\xab\
\x1c\x6b\xed\x6b\x7a\xf7\xdd\xac\xdf\xb4\x59\xad\x7d\x62\xab\x6b\
\x2d\x83\x9b\xb6\x6c\xe5\xbe\xfb\xef\xb7\x3d\xde\xf5\x2d\x83\xf3\
\xd7\x9c\xb1\x3d\x9e\xfc\xaf\xa8\x88\x50\xca\x16\x36\xb5\x49\x98\
\x4f\x3f\x06\x08\xd8\x02\x40\xfd\xff\xce\x3b\x17\x9d\xf0\x77\x6b\
\xdf\xee\xc3\xf6\x9f\xda\x97\x33\x67\x4e\x46\x8f\x19\xc3\x94\x69\
\xd3\xb9\xed\x36\xc3\x47\x45\x88\xa4\x4a\x9e\x3c\x79\x18\x3f\x71\
\x12\x93\x7f\x9a\x42\xde\xbc\x79\x6d\x8f\x77\xf0\x58\x2c\x4d\x9f\
\xdb\x48\x9b\xd7\xb6\x72\xea\xbc\xfd\x8b\x67\xe5\x9f\x02\x79\x1d\
\x80\x2f\x17\x00\xe6\x36\x00\xd2\x02\x40\x47\x4d\xfe\xed\x04\xa5\
\x1e\x59\xe9\x48\x6b\x9f\xc7\xe3\xa1\x5d\xfb\x47\x58\xb7\x71\xa3\
\x23\x27\xbc\x89\xdc\x48\xb3\x7b\xef\x65\xdd\x86\x8d\x3c\xd5\xb3\
\x27\x21\x21\xf6\xbf\x95\x7a\x5b\x06\x9d\x79\x8d\xc9\xff\x33\xf9\
\x61\xb2\x32\x3e\xbc\x21\x90\x2f\x37\xc9\xd5\x04\x56\x18\xbd\x78\
\xcf\xf8\x5a\x14\xcf\xaf\x3d\x00\xec\x76\xe6\x42\x02\x5d\xdf\xdb\
\xc1\xf4\x65\xf6\xaf\xee\x07\x28\x56\xac\x18\x43\x87\x8f\xa0\x5e\
\xfd\xfa\x8e\xc4\x13\x49\x89\x25\x8b\x17\xd3\xbb\xe7\x53\xec\xdb\
\xb7\xcf\x91\x78\xf7\xd5\xc9\xc1\x57\x2f\x95\x21\x9b\xb9\x3e\x75\
\x49\x81\xbd\x7f\x5e\xa6\x44\x3b\xc3\xb7\x22\xf0\x1e\x66\xb7\xd2\
\xa2\x74\x2c\xe5\xcb\x33\x00\x86\x4f\x00\xcc\xae\x0d\x80\x1c\xb1\
\x68\xe3\x39\x2a\x74\x5e\xe5\xc8\xcd\xff\x5a\x6b\xdf\x8a\xd5\x6b\
\x74\xf3\x17\x9f\x53\xaf\x7e\x7d\x56\xaf\x5b\xef\x58\xcb\xe0\x8c\
\x65\xa7\x28\xdb\x71\x25\xf3\xb4\x36\xc0\x76\xc5\xf2\x45\x92\x23\
\xb3\xa9\x7f\x53\x9f\x5d\x08\xe8\xcb\x05\x80\xe1\x1f\x5a\x0d\x6d\
\x00\x64\xbb\xc1\xe3\x0e\xd1\xe8\x99\x0d\x1c\x39\x75\xc5\xf6\x58\
\x55\xab\x56\x63\xc5\xaa\xd5\x6a\xed\x13\x9f\x16\x11\x11\xe1\x68\
\xcb\xe0\x89\xb3\xf1\xdc\xfb\xfc\x26\xde\xff\xe1\x77\xdb\x63\x05\
\x33\xef\x86\x40\xa6\x3a\xca\x7c\x76\x1d\x80\x2f\x17\x00\x86\x7f\
\x68\xb5\xca\xa9\xff\xdf\x4e\x6f\x7c\x75\x80\x97\x46\xee\xb3\x7d\
\xb3\x92\x6b\xad\x7d\x0b\x17\x2d\xa2\x6c\xb9\x72\xb6\xc6\x12\xb1\
\x4a\xd9\x72\xe5\xf8\x6d\x89\xf7\x94\xc1\x0c\x19\xed\x6d\x45\x4e\
\x4c\x4a\xe6\xc5\xcf\xf7\xf2\xd2\xc8\x7d\x5a\x17\x60\x23\x93\x6b\
\xca\x0c\xb7\xb3\xdb\xcd\x57\x0b\x80\x02\x40\x3e\xa3\x17\xd7\x50\
\x07\x80\x2d\x92\x92\x92\x79\xf2\xa3\x5d\xbc\xf9\xf5\x01\xdb\x63\
\x35\xbb\xf7\x5e\x36\x6e\xd9\xaa\xd6\x3e\xf1\x4b\x1e\x8f\x87\x2e\
\x5d\xbb\xb1\x6e\xc3\x46\x9a\xdd\x7b\xaf\xed\xf1\x06\x8f\x3b\x44\
\xcf\x8f\x77\x91\xa4\x1d\x04\x6d\x61\x72\x53\xb9\xbc\x78\xef\x69\
\x3e\xc7\x57\x0b\x00\xc3\xcf\xff\xb5\x01\x90\x7d\xfa\x8f\xda\xcf\
\xc8\x69\x7f\xda\x1a\xe3\x5a\x6b\xdf\xe4\x9f\xa6\x90\x3f\xbf\x4f\
\x6f\xa2\x25\x72\x4b\xf9\xf3\xe7\x67\xf2\x4f\x53\x98\xfc\xd3\x14\
\xf2\xe5\x33\xfc\x99\x26\x45\x3e\x9f\xf6\x27\x03\xbe\xdc\x6f\x6b\
\x8c\x60\x55\xad\x4c\xc6\x80\xdc\x10\xc8\x57\x0b\x00\xc3\xd3\xff\
\xb7\x6b\x03\x20\x5b\x7c\x3f\xff\x18\x83\xc7\x1d\xb2\x6d\xfc\x6b\
\xad\x7d\xeb\x37\x6d\x52\x6b\x9f\x04\x9c\x66\xf7\xde\xcb\xda\xf5\
\x1b\x6c\x6f\x19\x7c\xef\xfb\x43\x8c\x9b\x7f\xdc\xb6\xf1\x83\x55\
\x54\x44\x28\xe5\x8a\x04\xde\x86\x40\xbe\x5a\x00\x18\xae\x96\xd4\
\xff\x6f\xbd\xd5\x3b\x2e\xf0\xf8\xe0\x9d\xb6\x8d\x5f\xbc\x44\x09\
\xe6\xcc\x9f\xcf\x97\x5f\x7d\x45\xd6\xac\xd9\x6c\x8b\x23\xe2\xa6\
\x4c\x99\x33\xf3\xc1\x47\x1f\x33\x7b\xde\x3c\x8a\x97\x28\x61\x4b\
\x8c\xe4\x64\xe8\x36\x78\x07\x6b\x1d\xd8\x7e\x3b\xd8\xd4\x0a\xc0\
\x0d\x81\x7c\xb1\x00\x88\x40\x1b\x00\xf9\x8c\x2b\x09\x49\x74\x7a\
\x67\x07\x71\xf1\xd6\x6f\xe9\x9b\x26\x4d\x1a\xfa\xf6\xeb\xc7\xaa\
\x35\x6b\xa9\x5b\xb7\x9e\xe5\xe3\x8b\xf8\xa2\xba\x75\xeb\xb1\x76\
\xfd\x06\x06\x0e\x7a\x9b\xb4\x69\xad\xdf\x23\x26\x2e\x3e\x89\x0e\
\x03\xb7\xd9\xf2\x9a\x0d\x66\x26\xd7\x96\x55\xc2\x7b\x6f\xf3\x29\
\xbe\x58\x00\xdc\x01\x18\x6e\xba\x54\x07\x80\xb5\x06\x7e\x73\x90\
\x5d\xbf\x5f\xb2\x7c\xdc\xea\xd5\x6b\xb0\x72\xf5\x1a\x06\x0e\x7a\
\x9b\x88\x08\x9f\x7b\x5d\x88\xd8\xea\x5a\xf1\xbb\x66\xfd\x06\xea\
\xd6\xb3\xbe\xf8\xdd\xf3\xc7\x65\xde\x1d\x7b\xc8\xf2\x71\x83\x99\
\xc9\x7b\x4b\x5a\xbc\xbb\x02\xfa\x14\x5f\x2c\x00\x0c\x4f\x95\xe4\
\xcc\x12\x4e\x91\xbc\xe9\xac\xcc\x25\xa8\x6d\x3f\x78\x89\x0f\xc6\
\x5b\xdb\x63\x1c\x15\x15\xc5\xc0\x41\x6f\xb3\xe0\xd7\x5f\x29\x5d\
\xa6\x8c\xa5\x63\x8b\xf8\x9b\x62\xc5\x8a\x31\x67\xde\x7c\x5b\x5a\
\x06\xdf\x1b\x77\x88\xed\x07\xad\x2f\xde\x83\x55\xd1\x7c\xe9\xc8\
\x95\xd5\xd4\x86\x40\x3e\xf7\x18\x20\xa0\x0a\x00\x1d\x00\x64\xad\
\x97\x46\xee\xb5\xf4\x34\xbf\x7b\x9a\x35\xd3\xa9\x7d\x22\xff\x72\
\xad\x65\x70\xd3\x96\xad\xb4\x7a\xe0\x01\xcb\xc6\x8d\x4f\x48\xa2\
\xff\x28\x67\xb6\x26\x0e\x16\xd5\xcb\x04\xd6\x3a\x00\x5f\x2c\x00\
\x4c\xed\x00\x28\xd6\xd8\x7a\x20\x86\x59\x2b\x4f\x5b\x32\x56\xae\
\x5c\xb9\x18\x37\x7e\x02\x3f\x4e\x99\x4a\x81\x02\x3e\xd9\x0e\x2b\
\xe2\xba\xdc\xb9\x73\xf3\xfd\x0f\xe3\x19\x37\x7e\x02\xb9\x72\xe5\
\xb2\x64\xcc\x99\xcb\x4f\x69\x16\xc0\x42\x26\x3f\x64\xfa\x5c\x2b\
\xa0\xaf\x15\x00\xb7\xe1\xdd\x34\xc1\x10\x15\x00\xd6\x19\x3c\xee\
\x90\x25\x3b\x8b\x35\x69\xda\x94\xd5\xeb\xd6\xd3\xb2\x55\x2b\xf3\
\x83\x89\x04\x81\x96\xad\x5a\xb1\x7a\xdd\x7a\x1a\x37\x69\x62\x7a\
\xac\xe4\x64\x78\xff\x87\x43\xe6\x93\x12\xc0\xf4\x3d\x26\x1f\xde\
\x7b\x9c\xcf\xf0\xb5\x02\xc0\xf0\x14\x49\x58\xa8\x36\x00\xb2\xca\
\xd1\xd3\x57\x98\xb8\xf0\x84\xe9\x71\x3a\x77\xe9\xca\x8f\x53\xa6\
\x92\x23\x47\x0e\x0b\xb2\x12\x09\x1e\x39\x72\xe4\xe0\xa7\xa9\xd3\
\xe8\xf8\x58\x27\xd3\x63\x8d\xff\xe5\x38\xc7\xcf\xc6\x9b\x4f\x4a\
\xa8\x5a\xda\xf4\x86\x40\x3e\xf5\x18\x20\x60\x0a\x80\xdb\x8b\xa6\
\x27\x2a\x42\xcf\x95\xad\x30\x75\xc9\x49\xae\x26\x9a\xfb\xf8\xdf\
\xfe\x91\x0e\x0c\x1d\x3e\x5c\xcf\xfa\x45\x0c\x0a\x0d\x0d\x65\xc4\
\xc8\x91\x3c\xdc\xb6\x9d\xa9\x71\x12\xae\x26\x33\x75\xc9\x49\x8b\
\xb2\x0a\x6e\x51\x11\xa1\xdc\x5e\x34\x70\x36\x04\x0a\x98\x02\xa0\
\xa6\xda\xff\x2c\xf3\xd3\x62\x73\x6f\x16\x55\xaa\x56\x65\xd8\x88\
\x11\x78\x74\x24\xa3\x88\x29\x1e\x8f\x87\x11\x23\x47\x52\xf9\x8e\
\x3b\x4c\x8d\xf3\xd3\x22\x15\x00\x56\x31\x79\xaf\xf1\xa9\x75\x00\
\xbe\x54\x00\xa4\x03\x2a\x1a\xbd\x58\x1d\x00\xd6\x38\x75\x3e\x9e\
\x25\x9b\xce\x1b\xbe\x3e\x3c\x3c\x9c\x91\x5f\x8c\xb2\x65\x83\x13\
\x91\x60\x14\x11\x11\xc1\xc8\x2f\x46\x91\x26\x4d\x1a\xc3\x63\x2c\
\xde\x74\x8e\xd3\x17\x12\x2c\xcc\x2a\x78\x99\xbc\xd7\xf8\xd4\x86\
\x40\xbe\x54\x00\x98\xda\x00\x48\x0b\x00\xad\xb1\x74\xf3\x79\x53\
\xc7\xfc\x3e\xde\xbd\xbb\xfa\xfb\x45\x2c\x56\xb6\x5c\x39\x1e\xef\
\xde\xdd\xf0\xf5\x57\x13\x93\x59\xba\xf9\x9c\x85\x19\x05\x2f\x93\
\xf7\x9a\x70\xbc\xf7\x3a\x9f\xe0\x4b\x05\x80\xe1\xe9\xff\x5c\x59\
\xc3\x29\x9a\x4f\x1b\x00\x59\x61\xd3\xbe\x68\xc3\xd7\x86\x87\x87\
\xd3\xe7\xd9\xbe\x16\x66\x23\x22\xd7\xf4\x79\xb6\xaf\xa9\x59\x80\
\x4d\x7b\x63\x2c\xcc\x26\x78\x05\xd2\x86\x40\x01\x51\x00\x68\xfa\
\xdf\x3a\x1b\x76\x1b\x2f\x00\x1a\x35\x6e\x6c\xfb\x91\xa7\x22\xc1\
\x2a\x7f\xfe\xfc\x34\x68\xd8\xd0\xf0\xf5\x1b\xf7\x1a\x7f\x6d\xcb\
\x3f\xd5\x08\x90\x0d\x81\x7c\xa9\x00\xd0\x06\x40\x3e\x60\xcb\x7e\
\xe3\x9f\x12\x5a\xdc\x77\x9f\x85\x99\x88\xc8\xbf\xdd\xdf\xb2\xa5\
\xe1\x6b\x37\x9b\x98\xdd\x93\x7f\x32\x79\xe8\x9c\xcf\x2c\x04\xf4\
\x95\x02\xa0\x30\x90\xc7\xe8\xc5\x3a\x00\xc8\x3a\x27\xce\x19\xef\
\x17\xae\x59\xb3\x96\x85\x99\x88\xc8\xbf\xd5\xa8\x61\xfc\xc3\xa3\
\xf6\x02\xb0\x8e\xc9\x02\x20\x2f\x50\xd0\xa2\x54\x4c\xf1\x95\x02\
\xc0\x70\x45\x94\x26\xcc\xc3\x1d\x25\x33\x58\x99\x4b\xd0\xba\x1c\
\x97\x68\x78\xef\xff\x88\x88\x08\x8a\x16\x2b\x66\x71\x46\x22\x72\
\xbd\x62\xc5\x8b\x1b\xee\xb0\x89\x4f\x48\xe2\x72\x5c\xa2\xc5\x19\
\x05\xa7\x2a\x25\x33\x92\x26\xcc\xff\x37\x04\xf2\x95\x02\xc0\xf0\
\x47\xc7\x0a\xc5\x32\x10\xa9\x0d\x80\x2c\x71\x2e\xfa\xaa\xe1\x6b\
\xb3\x65\xcb\x46\x48\x88\xaf\xfc\x3a\x89\x04\xa6\xd0\xd0\x50\xb2\
\x66\xcd\x6a\xf8\xfa\xf3\x31\xc6\x5f\xe3\xf2\xff\x22\x23\x42\xb9\
\xbd\xa8\xa9\x0f\x9e\x2a\x00\xae\x53\xdd\xe8\x85\x7a\xfe\x6f\x9d\
\xe8\xcb\xc6\xdf\x1c\xd2\x67\xd0\x2c\x8c\x88\x13\x32\x66\x32\xfe\
\x9e\x77\xe1\x92\x0a\x00\xab\x98\x7c\x0c\xa0\x02\xe0\x2f\xa6\x36\
\x00\xaa\x65\xee\x1f\x41\xae\x63\xa2\xfd\x5f\x9f\xfe\x45\x1c\x62\
\xe6\xb5\x96\x64\xdd\xe9\xde\x41\xcf\x64\xf7\x59\x45\x20\xd2\xa2\
\x54\x0c\xf3\x85\x77\xed\xaa\x80\xe1\xe6\x56\x93\x55\x98\x88\x88\
\x48\xaa\x99\xbc\xf7\xa4\x01\x2a\x5b\x94\x8a\x61\xbe\x50\x00\x98\
\xda\x00\xa8\x50\x6e\x6d\x00\x24\x22\x22\xce\x2a\x9c\x27\x1d\xb9\
\xfd\x7c\x43\x20\xbf\x2e\x00\xd4\xfe\x27\x22\x22\x6e\x31\xb9\x06\
\x4d\x05\x00\x26\x16\x00\x6a\xfa\x5f\x44\x44\xdc\x62\xf2\x64\x40\
\xd7\x37\x4e\x71\xbb\x00\x28\x02\xe4\x36\x7a\xb1\xb6\x00\x16\x11\
\x11\xb7\x98\xbc\x07\xe5\x02\x0a\x59\x93\x89\x31\x6e\x17\x00\x86\
\xa7\x40\xd2\x84\x79\xa8\x5c\x42\xad\x67\x22\x22\xe2\x8e\x2a\xa5\
\x32\x12\x9e\xc6\xd4\x6d\xd4\xd5\xc7\x00\x7e\x5b\x00\x54\x2c\xae\
\x0d\x80\x44\x44\xc4\x3d\xe9\xd2\x86\x70\x7b\xd1\xf4\x66\x86\x50\
\x01\x60\xe8\x42\x4d\xff\x8b\x88\x88\xcb\x4c\xde\x8b\x82\xb6\x00\
\x88\x04\x6e\x37\x7a\xb1\xc9\xc5\x17\x22\x22\x22\xa6\x99\x5c\x8c\
\x5e\x01\x17\x37\x04\x72\xb3\x00\xa8\x0a\x84\x19\xbd\x58\x33\x00\
\x22\x22\xe2\x36\x0b\x36\x04\xba\xc3\xa2\x54\x52\xcd\xcd\x02\xc0\
\xf0\xd4\x47\x9e\x6c\x69\x29\x98\x3b\xc2\xca\x5c\x44\x44\x44\x52\
\xad\x50\xee\x74\xe4\xcd\x6e\xec\x84\xc6\xbf\xb8\xf6\x18\xc0\x2f\
\x0b\x00\xf5\xff\x8b\x88\x88\xaf\xa8\x5e\xc6\x3f\xd7\x01\xb8\x59\
\x00\x18\xdf\x00\x48\xd3\xff\x22\x22\xe2\x23\x4c\x7e\x28\x75\x6d\
\x43\x20\xb7\x0a\x80\x62\x78\x37\x41\x30\xa4\x56\x79\x2d\x00\x14\
\x11\x11\xdf\x60\xf2\x54\xda\x9c\x78\x37\xc5\x73\x9c\x5b\x05\x80\
\xa9\x0d\x80\x2a\x15\xd7\x06\x40\x22\x22\xe2\x1b\xee\x28\xe9\x9f\
\x1b\x02\xf9\x5d\x01\x50\xb9\x44\x46\xd2\xa5\x75\x7b\xfb\x02\x11\
\x11\x11\xaf\x88\xf0\x10\x2a\x16\xf3\xbf\x0d\x81\xfc\xae\x00\xd0\
\x02\x40\x11\x11\xf1\x35\x26\xf7\xa6\x09\x9a\x02\x20\x1c\x28\x6b\
\xf4\xe2\x1a\xe6\x56\x5b\x8a\x88\x88\x58\xce\xe4\xe2\xf4\xf2\x78\
\xf7\x04\x70\x94\x1b\x05\x40\x09\x4c\xfc\x45\x6b\x95\x57\x01\x20\
\x22\x22\xbe\xc5\x82\x0d\x81\x8a\x59\x94\x4a\x8a\xb9\x51\x00\x14\
\x37\x7a\x61\xde\xec\x69\x29\x90\x53\x1b\x00\x89\x88\x88\x6f\xb9\
\x2d\x57\x84\xd9\x0d\x81\x0c\xdf\x1b\x8d\x72\xa3\x00\xc8\x62\xf4\
\x42\x1d\xff\x2b\x22\x22\xbe\xca\xe4\x3d\xca\xf0\xbd\xd1\x28\x37\
\x0a\x00\xc3\x3f\x21\x7d\xfa\x17\x11\x11\x5f\x95\x2f\x87\xa9\x19\
\x00\xc7\x3f\xe1\xba\x51\x00\x24\x18\xbd\x30\xfa\x72\xa2\x95\x79\
\x88\x88\x88\x58\xe6\xe2\x25\x53\xf7\xa8\x78\xab\xf2\x48\x29\x37\
\x0a\x80\xf3\x46\x2f\x5c\xbf\xfb\xa2\x95\x79\x88\x88\x88\x58\xc6\
\xe4\x3d\xca\xf0\xbd\xd1\x28\x37\x0a\x80\xe3\x46\x2f\xdc\xf9\xfb\
\x25\x56\x6c\xbb\x60\x65\x2e\x22\x22\x22\xa6\x2d\xdb\x72\x9e\x3d\
\x7f\x5c\x36\x33\x84\xe1\x7b\xa3\x51\x6e\x14\x00\xdb\xcc\x5c\xdc\
\xf3\xe3\x5d\xc4\xc5\x27\x59\x95\x8b\x88\x88\x88\x29\x71\xf1\x49\
\xf4\xfe\x74\xb7\xd9\x61\xb6\x5b\x91\x4b\x6a\xb8\x51\x00\x9c\x04\
\x8e\x1a\xbd\x78\xd3\xde\x68\x5a\xf5\xdf\xac\xf5\x00\x22\x22\xe2\
\xba\x8b\x97\xae\xd2\xf2\xe5\xcd\x6c\xda\x1b\x6d\x66\x98\x23\xc0\
\x19\x8b\x52\x4a\x31\xb7\xb6\x02\x9e\x6f\xe6\xe2\xb9\xab\xcf\x50\
\xa6\xc3\x0a\x46\x4e\xfb\x93\xd3\x17\x0c\xaf\x29\x14\x11\x11\x31\
\xe4\xf4\x85\x04\x46\x4e\xfb\x93\x32\x8f\xae\x64\xde\x1a\xd3\xf7\
\x6e\x53\xf7\x44\xa3\x3c\x6e\x04\x05\x1e\x02\x26\x59\x35\x58\x96\
\x0c\x69\xc8\x92\x21\xcc\xaa\xe1\x82\x56\x7c\x42\x12\x7f\x9e\xba\
\x62\xe8\xda\xd2\x65\xca\xb0\x6e\xc3\x46\x8b\x33\x12\x91\x7f\xab\
\x52\xb9\x12\x3b\x77\xec\x30\x74\x6d\xfe\x1c\x69\xcd\x9e\x5a\x27\
\xc0\xb9\xe8\xab\x9c\x8b\xb6\xf4\xc3\x67\x6b\x60\x8a\x95\x03\xa6\
\x84\x5b\x77\xcd\x19\xc0\x29\x20\x87\x15\x83\x9d\x8b\x4e\xb0\xfa\
\x1f\x43\x44\x24\xe0\x18\x2d\xf0\xc5\x56\xa7\x81\xd9\x6e\x04\x76\
\xab\x14\xbc\x02\x7c\xed\x52\x6c\x11\x11\x11\x5f\x31\x1a\x88\x73\
\x23\xb0\x9b\x73\x41\x1f\x03\xa6\x56\x4d\x88\x88\x88\xf8\xb1\x18\
\x60\xa8\x5b\xc1\xdd\x2c\x00\x4e\xe0\x2d\x02\x44\x44\x44\x82\xd1\
\x60\xe0\x98\x5b\xc1\xdd\x5e\x0d\xf2\x3e\xb0\xcb\xe5\x1c\x44\x44\
\x44\x9c\xb6\x03\xf8\xc8\xcd\x04\xdc\x5e\x3a\x7f\x19\x68\x0f\xac\
\x02\xc2\x5d\xce\x45\x02\xdc\xe2\x45\x8b\x18\xfb\xdd\x77\xac\x5c\
\xb1\x9c\xe3\xc7\x8f\x13\x17\xe7\xca\x63\x37\xf1\x31\x11\x11\x11\
\xe4\xce\x9d\x9b\x5a\xb5\xeb\xf0\x68\xc7\x8e\xd4\xab\x5f\xdf\xed\
\x94\x24\xf0\x5d\x01\x1e\x01\x62\xdd\x4c\xc2\xed\x02\x00\x60\x23\
\xf0\x14\xf0\xa5\xdb\x89\x48\x60\xba\x70\xfe\x3c\xdd\xba\x76\x61\
\xf6\xac\x59\x6e\xa7\x22\x3e\x28\x2e\x2e\x8e\x43\x87\x0e\x71\xe8\
\xd0\x21\x7e\x18\xf7\x3d\xcd\x5b\xb4\x60\xf4\x97\x63\xc8\x98\x29\
\x93\xdb\xa9\x49\x60\x4a\xc6\x7b\xcf\xdb\xe4\x76\x22\x6e\x3f\x02\
\xb8\x66\x0c\xf0\x9a\xdb\x49\x48\xe0\x89\x89\x8e\xa6\x49\xe3\x46\
\xba\xf9\x4b\x8a\xfd\x3c\x73\x26\x4d\x1a\x37\x22\x26\x5a\x6b\x94\
\xc5\x16\xaf\x01\x5f\xb9\x9d\x04\xf8\x4e\x01\x00\x30\x10\x78\x09\
\x6f\x75\x24\x62\x89\x3e\x4f\x3f\xcd\xb6\xad\x5b\xdd\x4e\x43\xfc\
\xcc\xd6\x2d\x5b\x78\xa6\x4f\x1f\xb7\xd3\x90\xc0\x92\x0c\xbc\x00\
\x0c\x72\x3b\x91\x6b\x7c\xa9\x00\x00\xef\x8a\xc8\xb6\x78\x5b\x23\
\x44\x4c\xd9\xb6\x75\x2b\x13\x27\x8c\x77\x3b\x0d\xf1\x53\x13\x27\
\x8c\x67\xfb\x36\x53\x67\x97\x89\x5c\x13\x0d\x3c\x0c\x7c\xe0\x76\
\x22\xd7\xf3\xb5\x02\x00\xbc\x5b\x04\x57\x01\x96\xb9\x9d\x88\xf8\
\xb7\x49\x93\x26\x92\x9c\xac\x09\x25\x31\x26\x29\x29\x89\x49\x93\
\x26\xba\x9d\x86\xf8\xbf\xa5\x78\xef\x69\x93\xdd\x4e\xe4\xdf\x7c\
\xb1\x00\x00\xd8\x0d\xd4\x03\x3a\x03\x87\xdc\x4d\x45\xfc\xd5\x86\
\xf5\xeb\xdd\x4e\x41\xfc\x9c\x7e\x87\xc4\x84\x83\x40\x27\xa0\x3e\
\xb0\xc7\xdd\x54\x6e\xcc\x57\x0b\x00\xf0\x3e\x2f\xf9\x06\x28\x09\
\x74\xc0\x5b\x45\xe9\xe3\x9c\xa4\xd8\xa9\x53\xa7\xdc\x4e\x41\xfc\
\xdc\x89\x13\x27\xdc\x4e\x41\xfc\x4b\x32\xb0\x18\x6f\x8b\x5f\x49\
\xe0\x5b\x7c\xf8\xbe\xe5\x0b\x6d\x80\xb7\x12\x0f\x8c\xfb\xeb\x2b\
\x1f\xd0\x0c\xa8\x0d\x54\x05\xca\xb8\x98\x97\xf8\xb8\xc4\xc4\x44\
\xb7\x53\x10\x3f\xa7\xdf\x21\x49\x81\x1d\xc0\x1a\x60\x39\xde\x43\
\x7d\x8e\xba\x9b\x4e\xca\xf9\x43\x01\x70\xbd\x23\x78\x0f\x4e\x18\
\x0d\x94\x05\x0c\xad\xd0\x29\x96\x2f\x1b\xf3\x06\x77\xb6\x32\xaf\
\x80\xb0\xf7\xcf\x33\xdc\xfd\x92\xce\x68\x12\x09\x54\x73\xdf\xeb\
\x4c\xf1\xfc\xd9\xdc\x4e\xc3\xe7\xdc\xfd\xe2\xd7\xec\x3d\x72\xc6\
\xe8\xe5\x6d\x80\xed\x16\xa6\xe3\x18\x7f\x2b\x00\x2c\x11\x1e\x16\
\x4a\x91\x3c\x59\xdd\x4e\xc3\xe7\xc4\x5e\xd1\x91\xca\x22\x81\x2c\
\x7f\x8e\x8c\x7a\xef\xbb\x81\xf0\x34\x41\x79\x2b\xf4\xe9\x35\x00\
\x22\x22\x22\x62\x13\x15\x00\x22\x22\x22\x41\x48\x05\x80\x88\x88\
\x48\x10\x52\x01\x20\x22\x22\x12\x84\x82\x73\xe5\x83\xdc\x50\x68\
\x88\xf1\x7a\x30\x34\x34\xd4\xc2\x4c\xdc\x37\xf3\xa9\x7a\x14\xcb\
\x91\xde\xed\x34\x4c\x1b\xb6\x68\x2f\xc3\x17\xef\x35\x74\x6d\xcf\
\xfa\xc5\xe9\x75\x67\x71\x8b\x33\x72\xde\xfe\x53\x31\x34\x1f\xb1\
\xc4\xed\x34\x44\x7c\x8e\x66\x00\xe4\x6f\x39\xb3\x18\xbf\xe1\xe5\
\xca\x95\xcb\xc2\x4c\x44\x44\xc4\x6e\x2a\x00\xe4\x6f\x59\x33\xa4\
\xa3\x70\xee\x2c\x86\xae\xad\x54\xb9\xb2\xc5\xd9\x88\x88\x88\x9d\
\x54\x00\xc8\x3f\xb4\x6d\x50\x21\xd5\xd7\x78\x3c\x1e\x1e\x7c\xf0\
\x21\x1b\xb2\x11\x11\x11\xbb\xa8\x00\x90\x7f\xe8\xd7\xa6\x2e\xd9\
\x33\x45\xa5\xea\x9a\x87\x1e\x7e\x98\xf2\xb7\xdf\x6e\x53\x46\x22\
\x22\x62\x07\x15\x00\xf2\x0f\x59\x33\xa4\x63\xd2\x6b\xed\x08\x0f\
\x4b\xd9\xa2\xbe\xd2\x65\xca\xf0\xd9\x67\x43\x6d\xce\x4a\x44\x44\
\xac\xa6\x02\x40\xfe\xc7\x5d\x15\x8b\xb0\xf0\xa3\xae\xe4\xcf\x91\
\xe9\x3f\xbf\xaf\x49\xd3\xa6\x2c\xf8\x65\x21\x19\x32\x66\x74\x28\
\x33\x11\x11\xb1\x8a\xda\x00\xe5\x86\xea\x94\x2b\xc4\xee\x6f\xfb\
\x32\x7a\xd6\x5a\x7e\x5a\xb2\x8d\x6d\x87\x4e\x70\xf1\xf2\x15\x72\
\xe5\xca\x4d\xad\xda\xb5\x79\xb4\xe3\x63\x34\x6a\xdc\xd8\xed\x34\
\x45\x44\xc4\x20\x15\x00\x72\x53\x91\x69\xd3\xd0\xe7\x81\x5a\xf4\
\x79\xa0\x16\x00\x57\x4a\xb6\x20\x31\x7b\x09\x97\xb3\x12\x11\x11\
\x2b\xe8\x11\x80\x88\x88\x48\x10\x52\x01\x20\x22\x22\x12\x84\x54\
\x00\x88\x88\x88\x04\x21\x15\x00\x22\x22\x22\x41\x48\x05\x80\x88\
\x88\x48\x10\x52\x01\x20\x22\x22\x12\x84\x54\x00\x88\x88\x88\x04\
\x21\x15\x00\x22\x22\x22\x41\x28\x38\x37\x02\x0a\x4d\x43\x72\xb6\
\xfc\x6e\x67\xe1\x7f\xc2\xd3\xb9\x9d\x81\x88\x98\x90\x9c\x39\x37\
\xc9\xd9\xf2\xb9\x9d\x86\xef\x09\x0d\xce\x5b\x61\x70\xfe\xad\x3d\
\x40\x88\x26\x3f\x52\xcd\xe3\x71\x3b\x03\x11\x31\x23\xc4\xa3\xf7\
\xbe\x1b\x0a\xce\xf7\x36\xfd\x26\x88\x88\x88\x04\x21\x15\x00\x22\
\x22\x22\x41\x48\x05\x80\x88\x88\x48\x10\x52\x01\x20\x22\x22\x12\
\x84\x54\x00\x88\x88\x88\x04\x21\x15\x00\x22\x22\x22\x41\x48\x05\
\x80\x88\x88\x48\x10\x52\x01\x20\x22\x22\x12\x84\x54\x00\x88\x88\
\x88\x04\xa1\xe0\xdc\x09\x50\x52\xe4\x4a\x7c\x02\xdf\xce\x58\xca\
\x4f\x0b\xd6\xb0\x7d\xdf\x11\x62\xe2\x12\xc8\x91\x33\x17\x35\x6b\
\xd5\xa6\x43\xc7\x47\xa9\x5b\xb7\x9e\xdb\x29\x8a\x88\x88\x41\x2a\
\x00\xe4\x86\xd6\x6e\x3b\x40\xdb\xe7\x87\x72\xf0\xc8\xa9\x7f\xfc\
\xf9\xc5\xe8\x18\xf6\xef\xdf\xcf\xf7\x63\xbf\xe3\xbe\xfb\xef\xe7\
\x8b\x51\xa3\xc9\x98\x29\x93\x4b\x59\x8a\x88\x88\x51\x7a\x04\x20\
\xff\x63\xf9\xc6\x3d\xdc\xd9\x79\xd0\xff\xdc\xfc\xff\x6d\xc6\xf4\
\xe9\x34\x6d\xd2\x98\x98\x98\x18\x87\x32\x13\x11\x11\xab\xa8\x00\
\x90\x7f\xb8\x10\x73\x99\x07\xfb\x0e\x21\xf6\x4a\x7c\x8a\xbe\x7f\
\xcb\xe6\xcd\xf4\x7d\xe6\x19\x9b\xb3\x12\x11\x11\xab\xa9\x00\x90\
\x7f\xf8\xe4\xbb\x39\x9c\x38\x73\x21\x55\xd7\x8c\xff\x61\x1c\xdb\
\xb7\x6d\xb3\x29\x23\x11\x11\xb1\x83\x0a\x00\xf9\x87\xf1\xb3\x57\
\xa6\xfa\x9a\xa4\xa4\x24\x26\x4f\x9e\x64\x43\x36\x22\x22\x62\x17\
\x15\x00\xf2\xb7\x73\x17\x2f\xb1\xf7\xf0\x71\x43\xd7\xae\x5f\xb7\
\xce\xe2\x6c\x44\x44\xc4\x4e\x2a\x00\xe4\x6f\xa7\xce\x45\x1b\xbe\
\xf6\xc4\x89\x13\x16\x66\x22\x22\x22\x76\x53\x01\x20\x7f\xbb\x7a\
\x35\xd1\xf0\xb5\x89\x89\xc6\xaf\x15\x11\x11\xe7\xa9\x00\x10\x11\
\x11\x09\x42\x2a\x00\x44\x44\x44\x82\x90\x0a\x00\x11\x11\x91\x20\
\xa4\xad\x80\xc5\x12\xc9\x49\xc9\x5c\x8a\x4d\xd9\xe6\x41\x4e\x49\
\x4a\x4a\x36\x7c\xed\xe5\xe8\x0b\xc4\x84\x27\x58\x98\x8d\x3b\xe2\
\xaf\xc4\x9a\xba\x36\xe6\xc2\x39\x0b\xb3\x71\xc7\xe5\x18\xe3\x3f\
\x83\x40\xfb\xbd\x16\xb9\x9e\x0a\x00\xb1\x44\x32\x81\xf5\xc6\x94\
\x98\x94\x14\x10\x0b\x1b\x93\x4d\xfc\x9b\x24\x27\x25\x07\xc4\xcf\
\xc0\xcc\xdf\x21\xd0\x7e\xaf\x45\xae\xa7\x47\x00\x22\x22\x22\x41\
\x48\x05\x80\x88\x88\x48\x10\x52\x01\x20\x22\x22\x12\x84\x54\x00\
\x88\x88\x88\x04\x21\x15\x00\x22\x22\x22\x41\x48\x05\x80\x88\x88\
\x48\x10\x52\x01\x20\x22\x22\x12\x84\x54\x00\x88\x88\x88\x04\x21\
\x15\x00\x22\x22\x22\x41\x48\x05\x80\x88\x88\x48\x10\x52\x01\x20\
\x22\x22\x12\x84\x54\x00\x88\x88\x88\x04\x21\x15\x00\x22\x22\x22\
\x41\x48\x05\x80\x88\x88\x48\x10\x52\x01\x20\x22\x22\x12\x84\x54\
\x00\x88\x88\x88\x04\x21\x15\x00\x22\x22\x22\x41\xc8\x63\xd3\xb8\
\x25\x81\xca\x40\x29\xa0\x18\x90\x13\x48\x0f\xa4\xb1\x30\x46\x3a\
\xa0\x8c\x91\x0b\x23\xd2\xa6\xa1\x6c\xd1\xfc\x16\xa6\x12\x18\xe2\
\xae\x24\xb0\x7d\xff\x9f\x86\xae\x4d\x9b\x36\x82\x92\xa5\x4a\x59\
\x9c\x91\x39\x7b\x76\xef\x26\x2e\x2e\xd6\xd0\xb5\x85\xb3\xa6\x23\
\x6d\x98\xff\xd7\xc7\xa7\x2f\xc5\x73\xfa\x52\x82\xa1\x6b\xb3\x47\
\xa5\x21\x7b\x54\xb8\xc5\x19\x39\x2f\xfe\x6a\x12\x07\xce\x1a\xfb\
\x3d\x08\xb4\xdf\xeb\x32\x45\xf3\x91\x2e\xad\xff\xff\x9b\x5a\x6d\
\xc7\xfe\x23\xc4\x5e\x89\x37\x7c\x39\x60\xec\x1f\xe4\xc6\x12\x80\
\x18\xe0\x24\xb0\x0f\xd8\x05\xac\x07\xf6\x58\x18\x03\xb0\xae\x00\
\x08\x03\x9a\x00\x0f\x03\x8d\x80\xbc\x16\x8d\x2b\x22\x22\x22\x70\
\x04\xf8\x05\x98\x08\xcc\x07\x12\xcd\x0e\x68\xb6\x00\xc8\x01\xf4\
\x01\xba\x02\xb9\xcd\x26\x23\x22\x22\x22\xb7\x74\x1c\xf8\x12\x18\
\x02\x9c\x36\x3a\x88\xd1\x02\x20\x13\xf0\x2a\xf0\x04\x10\x65\x34\
\xb8\x88\x88\x88\x18\x76\x09\x18\x01\x0c\x02\x2e\xa6\xf6\x62\x23\
\x05\x40\x7b\xe0\x23\xf4\x89\x5f\x44\x44\xc4\x17\x1c\x05\x9e\x03\
\x26\xa4\xe6\xa2\xd4\x14\x00\x19\x80\x2f\x80\x76\xa9\x09\x20\x22\
\x22\x22\x8e\x98\x02\x74\x01\x2e\xa4\xe4\x9b\x53\x5a\x00\x94\x02\
\x66\x00\xc5\x0d\x26\x25\x22\x22\x22\xf6\xdb\x03\xb4\x20\x05\x5d\
\x03\x29\x29\x00\xaa\x00\xb3\xf1\x2e\xf8\x13\x11\x11\x11\xdf\x76\
\x16\x68\x0e\xac\xfc\xaf\x6f\xba\x55\x01\x50\x03\x58\x80\xb7\x87\
\x5f\x44\x44\x44\xfc\x43\x34\xd0\x18\x58\x7d\xb3\x6f\xf8\xaf\x02\
\xa0\x0c\xb0\x04\xc8\x66\x71\x52\x22\x22\x22\x62\xbf\x33\x40\x5d\
\x60\xe7\x8d\xfe\xe3\xcd\x0a\x80\xac\xc0\x06\xa0\xa0\x4d\x49\x89\
\x88\x88\x88\xfd\x0e\xe2\xdd\x99\xf7\xfc\xbf\xff\xc3\x8d\xf6\x3a\
\xf5\x00\x63\xd0\xcd\x5f\x44\x44\xc4\xdf\x15\x06\xc6\x72\x83\x0f\
\xfc\xa1\x37\xf8\xe6\xa7\xf0\xf6\x13\x8a\x88\x88\x88\xff\x2b\x81\
\x77\xaf\x80\xf5\xd7\xff\xe1\xbf\x2b\x82\x5c\x78\x0f\x1e\xc8\xec\
\x50\x52\x22\x22\x22\x62\xbf\x73\x78\x5b\xfa\x4f\x5e\xfb\x83\x7f\
\xcf\x00\x0c\xc7\xbb\xf2\x5f\x44\x44\x44\x02\x47\x3a\xbc\xeb\xfb\
\x66\x5c\xfb\x83\xeb\x67\x00\x8a\xe1\xfd\xf4\x7f\xa3\xc7\x02\x86\
\xe4\xcb\x9f\x9f\xa6\x77\x37\xa3\x62\xa5\xca\xe4\xc8\x99\x8b\x6c\
\xd9\xd4\x50\x20\x22\x22\xc1\xe5\x52\x5c\x1c\x97\xae\xc4\xa5\xe8\
\x7b\xcf\x9f\x3b\xc7\x99\x53\xa7\xd8\xbe\x75\x0b\x8b\x17\x2e\xe0\
\xc4\xb1\x63\x56\xa6\x72\x15\x28\x09\x1c\x80\x7f\x16\x00\xa3\x81\
\x6e\x56\x44\xa8\x56\xbd\x06\xfd\x07\xbc\x4e\x8d\x5a\xb5\xad\x18\
\x4e\x44\x44\xc4\x6f\x45\xc7\xc6\x72\x31\xf6\x72\xaa\xaf\x4b\x4e\
\x4e\x66\xc3\xda\x35\x0c\xfb\xf0\x7d\xb6\x6c\xdc\x60\x55\x3a\xa3\
\x80\x1e\xf0\xff\x05\x40\x66\xe0\x18\x10\x61\x66\xd4\xc8\xc8\x48\
\x3e\xfa\x74\x18\xad\x5a\x3f\x68\x2e\x3d\x11\x11\x91\x00\x61\xb4\
\x00\xb8\x26\x39\x39\x99\x39\x33\xa6\xf3\xf6\xab\xfd\x89\x8b\x8d\
\x35\x9b\x4e\x2c\x90\x07\xb8\x70\xad\x0d\xb0\x0d\x26\x6f\xfe\x79\
\xf3\xe5\x67\xe6\x9c\x05\xba\xf9\x8b\x88\x88\x58\xc8\xe3\xf1\xd0\
\xec\xfe\x96\x7c\x35\x61\x32\xb9\x72\x9b\x3e\x88\x37\x1d\xf0\x20\
\xfc\xff\x3e\x00\x8f\x98\x19\x2d\x43\x86\x0c\x4c\x98\x3c\x85\xb2\
\xe5\xca\x9b\x4d\x4c\x44\x44\x44\x6e\xa0\x64\x99\xb2\x0c\x1d\xf3\
\x2d\x91\x51\x51\x66\x87\x6a\x0f\xde\x02\x20\x3d\x50\xd3\xcc\x48\
\xc3\x47\x7e\x49\x89\x92\xa5\xcc\x26\x24\x22\x22\x22\xff\xa1\x68\
\x89\x12\x0c\xfa\xe8\x53\xb3\xc3\xd4\x06\x22\x43\xf0\xee\x13\x9c\
\xc6\xe8\x28\xf7\x34\x6b\x4e\x93\xbb\xef\x31\x9b\x8c\x88\x88\x88\
\xa4\x40\xfd\x86\x8d\xa8\xd7\xa0\xa1\x99\x21\xd2\x02\xb5\x43\x80\
\xea\x46\x47\x08\x09\x09\xa1\xff\xab\xaf\x9b\x49\x42\x44\x44\x44\
\x52\xa9\x57\xbf\x17\x08\x09\xb9\xd1\x6e\xfe\x29\x56\x33\x04\x6f\
\x4f\xa0\x21\x55\xab\xd7\xa0\x78\x09\xc3\x97\x8b\x88\x88\x88\x01\
\x45\x8b\x97\xa0\x7c\xc5\x4a\x66\x86\x28\x61\xaa\x00\x68\x7a\x77\
\x33\x33\xc1\x45\x44\x44\xc4\xa0\xfa\x8d\x1a\x9b\xb9\xbc\x54\x08\
\x90\xd3\xe8\xd5\xd5\x6b\x98\x5a\x3b\x28\x22\x22\x22\x06\x55\xaa\
\x52\xd5\xcc\xe5\xb9\x42\x80\x0c\x46\xaf\xce\x93\x27\x8f\x99\xe0\
\x22\x22\x22\x62\x50\x8e\x9c\xb9\xcc\x5c\x9e\x3e\x04\x30\xdc\x50\
\x98\x23\x87\xe1\xc9\x03\x11\x11\x11\x31\x21\x7b\x4e\x53\xf7\xe0\
\x0c\x21\x98\x38\xfc\x27\x4d\x78\xb8\x99\xe0\x22\x22\x22\x62\x50\
\x9a\x34\x86\x3b\xf8\x01\x42\x4d\xf5\x10\x88\x88\x88\x88\x7f\x52\
\x01\x20\x22\x22\x12\x84\x54\x00\x88\x88\x88\x04\x21\x15\x00\x22\
\x22\x22\x41\x48\x05\x80\x88\x88\x48\x10\x52\x01\x20\x22\x22\x12\
\x84\x54\x00\x88\x88\x88\x04\x21\x15\x00\x22\x22\x22\x41\x48\x05\
\x80\x88\x88\x48\x10\x52\x01\x20\x22\x22\x12\x84\x54\x00\x88\x88\
\x88\x04\xa1\x30\xb7\x13\xf0\x65\x09\xf1\xf1\x6c\xd8\xb0\x9e\x9d\
\xdb\xb7\x71\xe8\xd0\x41\x0e\x1d\x3c\xc8\xe5\xcb\x97\x89\x8e\xbe\
\x48\x62\x62\x22\x99\x33\x67\x21\x7d\xfa\xf4\xe4\xcd\x97\x8f\xc2\
\x45\x8a\x52\xa2\x64\x49\x2a\x55\xae\x42\xfa\xf4\xe9\xdd\x4e\xdd\
\x11\x49\x49\x49\x1c\x3c\x78\x80\xbd\x7b\x76\xb3\x7f\xef\x5e\xf6\
\xef\xdf\x47\x74\x74\x34\x17\xce\x9f\xe7\xf2\xe5\x4b\xc4\xc7\xc7\
\x93\x21\x43\x46\xc2\xc3\xd3\x90\x23\x67\x2e\xf2\xe7\x2f\x40\xfe\
\x02\x05\x28\x57\xfe\x76\x4a\x96\x2a\x45\xda\xb4\x11\x6e\xff\x15\
\x00\x48\x4c\x4c\xe4\x97\x05\xf3\x58\x30\x6f\x2e\x07\x0f\x1c\x20\
\x21\x21\x9e\xbc\xf9\xf2\x53\xaf\xfe\x9d\xdc\xd7\xf2\x01\xd7\xfe\
\x3d\x77\x6c\xdf\xc6\xf4\xa9\x53\xd8\xbe\x7d\x2b\x67\xcf\x9c\x21\
\x5b\xf6\xec\x54\xbe\xa3\x0a\xf7\xb7\x6a\x4d\x91\x22\x45\x5d\xc9\
\xc9\xac\xd3\xa7\x4f\xb1\x7b\xd7\x4e\xf6\xef\xdb\xc7\xfe\x7d\x7b\
\x39\x7a\xf4\x28\x97\x2f\x5f\xe2\xf2\xe5\xcb\x5c\x8a\x89\x21\x2a\
\x7d\x7a\x22\x23\x23\x89\x8c\x8c\x22\x6f\xde\xbc\x14\x2d\x56\x9c\
\xa2\xc5\x8a\x51\xaa\x54\x19\xb2\x65\xcf\xee\x76\xfa\x3e\x25\x39\
\x39\x99\x83\x07\x0f\xb0\x6f\xcf\x1e\xf6\xed\xdb\xcb\xfe\x7d\x7b\
\xb9\x78\xf1\x22\x17\x2f\x9c\xe7\xf2\xe5\xcb\xc4\xc7\xc7\x93\x29\
\x53\x66\xef\xcf\x33\x2a\x92\x82\x05\x0b\x53\xbc\x44\x49\x8a\x16\
\x2b\x46\x89\x92\xa5\x48\x97\x2e\x9d\xdb\x7f\x05\x43\xe2\xaf\x5c\
\x61\xd6\xcf\x33\xf9\x6d\xe1\x02\x7e\x3f\xfc\x3b\x00\x05\x6f\x2b\
\xc8\x5d\x0d\x1b\x73\x6f\xf3\x16\x84\xa7\x4d\xeb\x72\x86\xfe\xc3\
\x03\x24\x1b\xbd\xf8\xf8\x99\x8b\x16\xa6\xe2\x1b\xce\x9f\x3b\xc7\
\xd4\x29\x93\x99\x35\x73\x26\xeb\xd6\xae\x21\x2e\x2e\x36\x55\xd7\
\x87\x86\x86\x52\xa6\x6c\x39\xee\x6d\x71\x1f\x2d\xee\x6f\x45\xd1\
\xa2\xc5\x6c\xca\xd4\x1d\x47\xfe\xfc\x93\x05\xf3\xe7\xb2\x6c\xe9\
\x12\x56\x2c\x5f\xca\xd9\x33\x67\x0c\x8d\x13\x16\x16\x46\xa5\xca\
\x77\x50\xaf\xfe\x5d\x34\x6c\xdc\x84\x4a\x95\xef\xc0\xe3\xf1\x58\
\x9c\xed\xad\x6d\xda\xb8\x81\x67\x7a\x3f\xc5\xae\x9d\x3b\x6e\xf8\
\xdf\xb3\x65\xcf\xce\x1b\x03\xdf\xe1\xa1\x36\x6d\x1d\xcb\xe9\xe2\
\xc5\x8b\xbc\xd8\xef\x19\xa6\x4d\xf9\x89\xe4\xe4\xff\x7d\x79\x86\
\x85\x85\xd1\xa1\x63\x27\xde\x1c\xf4\x8e\xcf\x14\x51\x37\x13\x17\
\x17\xcb\xaf\x0b\x7f\x61\xd9\x92\xc5\x2c\x5b\xba\x84\x3d\xbb\x77\
\x19\x1e\xab\x44\xc9\x52\xd4\xa9\x5b\x8f\xba\xf5\xef\xe4\xae\x06\
\x0d\x89\x88\xf0\xcf\x1b\x98\x19\xc7\x8e\x1d\x65\xc1\xbc\xb9\x2c\
\x5f\xb6\x94\xe5\x4b\x97\x70\xfa\xf4\x29\x43\xe3\x84\xa7\x4d\xcb\
\x1d\x55\xaa\x52\xa7\x6e\x3d\xee\x6a\xd0\x88\xca\x77\x54\xb1\x38\
\x53\x7b\xfc\xba\xf0\x17\x5e\x78\xae\x0f\x7f\xfe\xf1\xc7\x0d\xff\
\x7b\xfe\x02\x05\x78\xff\xa3\x21\x34\x68\xd8\xc8\xe1\xcc\xfe\x5b\
\x74\x6c\x2c\x17\x63\x2f\xdb\x32\xf6\x1d\xc5\x0b\x1b\xbe\x56\x05\
\xc0\x5f\x76\xee\xd8\xce\xc7\x1f\xbe\xcf\xbc\xb9\xb3\x89\xbf\x72\
\xc5\xb2\x71\xcb\x94\x2d\x47\xcb\x07\x5a\xd3\xe1\xd1\x4e\x64\xcd\
\x96\xcd\xb2\x71\x9d\x74\xe9\xd2\x25\x66\xcd\x9c\xce\xa4\x09\xe3\
\x59\xb1\x7c\x29\x49\x49\x49\x96\xc7\xb8\xad\x60\x41\x1e\x68\xdd\
\x86\x47\x1f\xeb\x4c\xbe\xfc\xf9\x2d\x1f\xff\x46\x16\xfd\xf6\x2b\
\x9d\x3a\xb4\x4b\x51\x91\xf7\xc2\xcb\xaf\xd0\xb7\xdf\x8b\xb6\xe7\
\x74\xf6\xcc\x19\x5a\xb6\xb8\x27\x45\x37\xca\x2a\x55\xab\x31\x79\
\xea\x4c\x9f\xfb\x24\x97\x9c\x9c\xcc\xea\x95\x2b\x98\x38\xe1\x07\
\x7e\x9e\x31\x8d\xe8\xe8\x68\xcb\x63\x64\xcc\x98\x91\xe6\xf7\xb5\
\xa4\x4d\xdb\xf6\xd4\xa8\x59\xcb\xf2\xf1\x7d\x49\x6c\x6c\x2c\xb3\
\x66\xce\x60\xf2\xc4\x1f\x58\xb6\x74\x09\x89\x89\x89\x96\xc7\x28\
\x5c\xb8\x08\x0f\x3e\xdc\x96\x36\x0f\xb7\xa7\xc0\x6d\xb7\x59\x3e\
\xbe\x15\x26\x8e\x1f\x47\xdf\x3e\xbd\x6e\xf9\xf7\x0f\x0d\x0d\xe5\
\xe3\x21\xc3\x78\xb8\xdd\x23\x0e\x65\x76\x6b\x2a\x00\x7c\xd4\xb1\
\x63\x47\x79\x77\xd0\x5b\xfc\x38\x69\x82\x2d\x37\xb6\x6b\x22\x23\
\x23\x69\xdf\xa1\x23\x4f\x3c\xd5\x9b\xfc\x05\x0a\xd8\x16\xc7\x4a\
\xe7\xcf\x9d\xe3\xcb\x51\x23\xf9\x72\xf4\x48\xce\x9f\x3b\xe7\x48\
\xcc\xb0\xb0\x30\xee\x6e\xd6\x9c\x3e\xcf\x3e\x47\xf9\xdb\x2b\xd8\
\x16\xe7\xcf\x3f\xfe\xa0\x41\xbd\x9a\x5c\xbc\x98\xb2\xdf\x61\x8f\
\xc7\xc3\x57\xdf\x8d\xe3\x9e\x66\xcd\x6d\xcb\x09\xe0\xa1\x56\xf7\
\xb1\x74\xc9\xa2\x94\x7f\x7f\x9b\xb6\x0c\xfd\x7c\x94\x7d\x09\xa5\
\x42\x52\x52\x12\xbf\xcc\x9f\xc7\xc7\x1f\x0e\x66\xd3\xc6\x0d\x8e\
\xc5\x2d\x53\xb6\x1c\x4f\xf4\xec\x4d\xeb\x07\xdb\x10\x1a\x6a\xf8\
\x74\x73\x9f\x13\x13\x13\xc3\xf8\x71\x63\x19\x36\xe4\x13\x4e\x9c\
\x38\xee\x48\xcc\x90\x90\x10\x1a\x36\x6e\xc2\xf3\x2f\xf6\xe7\xf6\
\x0a\x15\x1d\x89\x99\x12\x9b\x36\x6e\xa0\x45\xb3\x26\x24\xc4\xc7\
\xa7\xe8\xfb\xd3\x84\x87\x33\x73\xf6\x7c\x2a\x56\xaa\x6c\x73\x66\
\x29\xa3\x02\xc0\x07\xcd\x9e\x35\x93\xbe\x7d\x7a\x39\x76\x73\x03\
\xef\xf9\xcd\x1d\x3a\x76\xe6\xc5\x97\x5f\x21\x73\x96\x2c\x8e\xc5\
\x4d\x8d\xb8\xb8\x58\x86\x7e\xfa\x09\x5f\x7c\x3e\x8c\x98\x98\x18\
\x57\x72\xf0\x78\x3c\xb4\xb8\xbf\x15\x2f\x0f\x78\x8d\xc2\x85\x8b\
\x58\x3e\xfe\xd3\x4f\xf5\x60\xd2\xc4\xf1\xa9\xba\xa6\x50\xe1\xc2\
\x2c\x5b\xb5\x9e\xb0\x30\x7b\x96\xce\xcc\x9b\x3b\x9b\xc7\x1e\x49\
\xdd\xa3\x06\x8f\xc7\xc3\x9c\x05\xbf\xb9\xfe\x46\xb7\x60\xde\x5c\
\xde\x7c\x7d\x00\xfb\xf6\xee\x71\x2d\x87\x12\x25\x4b\xf1\xfa\x9b\
\x83\x68\xd8\xb8\x89\x6b\x39\x58\x21\xfe\xca\x15\x86\x0f\x1b\xc2\
\xe7\xc3\x3e\x4b\x71\x81\x6a\x35\x8f\xc7\xc3\x3d\xcd\x9a\xf3\xfa\
\x5b\x6f\x53\xb0\x50\x21\x57\x72\xb8\x5e\xcb\x16\xf7\xb0\x6a\xc5\
\xf2\x54\x5d\x53\xa3\x56\x6d\xa6\xcd\x9c\x63\x53\x46\xa9\xe3\xab\
\x05\x40\x50\x76\x01\x24\x25\x25\xf1\xda\x2b\x2f\xd1\xa5\xe3\x23\
\x8e\xde\xfc\x01\x12\x12\x12\xf8\x7a\xcc\x28\x6a\x56\xab\xc4\xd8\
\x6f\xbf\xbe\xe1\x33\x5e\x37\x2d\x98\x37\x97\x7a\xb5\xaa\xf1\xd1\
\x07\xef\xb9\x76\xf3\x07\xef\x34\xf2\x8c\x69\x53\xa8\x57\xb3\x2a\
\x83\xde\x7a\xdd\xd2\xc7\x32\x97\x2e\x5d\x62\xfa\xb4\xa9\xa9\xbe\
\xee\xd0\xc1\x83\xac\x5c\xb1\xcc\xb2\x3c\xfe\x6d\xfc\xf7\x63\x53\
\x7d\x4d\x72\x72\x32\x13\xc6\x8f\xb3\x21\x9b\x94\x39\x76\xec\x28\
\xbd\x9f\xec\xce\xa3\xed\xdb\xb8\x7a\xf3\x07\xd8\xb3\x7b\x17\x8f\
\xb4\x7d\x90\x47\xdb\xb7\xb9\xe9\x33\x62\x5f\xb7\x7c\xd9\x12\x1a\
\xde\x59\x87\xc1\xef\x0c\x72\xed\xe6\x0f\xde\xdf\xab\xd9\xb3\x66\
\x52\xbf\x76\x75\x3e\x1c\xfc\x2e\x57\xae\xc4\xb9\x96\xcb\xa1\x83\
\x07\x53\x7d\xf3\x07\x58\xb5\x62\x39\x07\x0e\xec\xb7\x21\xa3\xc0\
\x11\x74\x05\x40\x52\x52\x12\xcf\x3d\xd3\x9b\x51\x23\x47\xb8\x9a\
\xc7\xb9\xb3\x67\x79\xbe\x6f\x1f\xda\x3e\xd8\xd2\xb1\xe9\xbd\xff\
\x72\xe9\xd2\xa5\xbf\xdf\xc8\x0f\xff\xfe\xbb\xdb\xe9\xfc\x2d\x21\
\x21\x81\x61\x43\x3e\xe1\xde\xbb\x1b\x72\xf4\xc8\x9f\x96\x8c\xb9\
\x79\xd3\x06\xc3\x6f\x68\xab\x57\xae\xb4\x24\x87\x1b\x8e\xbd\xda\
\xd8\xd8\x46\xde\x1c\xad\x30\x69\xc2\x0f\xd4\xae\x56\x99\xc9\x93\
\x26\xb8\x12\xff\x66\x16\xcc\x9b\x4b\xfd\xda\xd5\xf8\x71\xd2\x44\
\xb7\x53\x49\xb1\xb8\xb8\x58\xfa\x3d\xfb\x34\xad\xef\x6f\xce\xde\
\x3d\xbb\xdd\x4e\xe7\x6f\x71\x71\xb1\x7c\xf8\xfe\xbb\x34\x69\x50\
\xdf\xd4\x02\x4e\x33\x56\xaf\x5a\x61\xf8\xda\xb5\xab\x57\x59\x98\
\x49\xe0\x09\xba\x02\xe0\xf9\xbe\x7d\x18\x3f\x2e\xf5\x9f\xb4\xec\
\xb2\x78\xd1\x6f\x34\xbe\xb3\x2e\xeb\xd6\xae\x71\x2d\x87\x9d\x3b\
\xb6\x73\x77\xa3\x3b\x7d\xee\x8d\xfc\x7a\x5b\xb7\x6c\xa1\x65\x8b\
\x7b\x38\x77\xf6\xac\xe9\xb1\x4e\x1c\x3f\x61\xf8\xda\xe3\xc7\x8f\
\x99\x8e\x7f\x23\x09\xf1\xf1\x86\x67\xa3\xec\xca\xe9\x66\xae\x5c\
\x89\x63\xc0\xcb\x2f\xf0\x74\xcf\x27\xb8\x7c\xd9\x9e\x69\x4d\xb3\
\x2e\x5d\xba\x44\xaf\x27\x1f\xa7\xf7\x93\xdd\x7d\x36\xc7\x6b\xf6\
\xef\xdf\xc7\xbd\x4d\x1b\xf1\xfd\x77\xdf\xb8\x9d\xca\x4d\xed\xde\
\xb5\x93\x26\x0d\xea\x33\xf6\xdb\xaf\x1d\x8f\x7d\xf2\x84\xef\xbd\
\x5e\x03\x45\x50\x15\x00\xdf\x7d\xf3\x15\xe3\xc6\x7e\xeb\x76\x1a\
\xff\xe3\xe4\xc9\x13\xb4\x7b\xa8\x15\x3b\xb6\x6f\x73\x3c\xf6\xc2\
\x05\xf3\xb9\xb7\x69\x43\x9f\xfa\xd4\x71\x33\x87\x7f\xff\x9d\x97\
\x5f\xec\x67\x7a\x9c\x84\x84\x94\x2d\x24\xba\x91\xf8\x14\x2e\x42\
\x4a\xf5\xb8\x09\x09\x86\x1f\x07\xa5\x74\x61\x94\x15\x4e\x9d\x3a\
\x49\xf3\xbb\x1b\xf3\xe5\xa8\x91\x8e\xc5\x34\x63\xf2\xa4\x09\xb4\
\x6a\x71\x8f\xe1\x76\x39\xbb\x2d\x5b\xba\x98\xa6\x0d\xea\xb1\x7d\
\xdb\x56\xb7\x53\xb9\xa5\xb8\xb8\x58\x9e\xef\xdb\x87\xd7\x5e\x79\
\xc9\xd1\x47\x97\x57\xe2\x8d\x3f\xfe\x4b\x88\x4f\xb0\x30\x93\xc0\
\x13\x34\x05\xc0\xb6\xad\x5b\x18\xd0\xdf\xfe\x36\x2e\xa3\xa2\xa3\
\xa3\xe9\xd3\xeb\x09\x5b\x5a\x7c\x6e\xe6\xc7\x49\x13\xe9\xf4\x68\
\x3b\x9f\xff\x84\x74\xbd\x19\xd3\xa6\xb8\xfe\xac\x39\x58\xfd\x71\
\xf8\x30\x2d\xef\xbd\x9b\xad\x5b\x36\xbb\x9d\x4a\xaa\x6c\xde\xb4\
\x91\x7b\x9b\x36\xe4\xe0\xc1\x03\x6e\xa7\xf2\x0f\x73\x66\xff\xcc\
\x23\x0f\x3f\xe4\xea\x5a\x1b\x23\x46\x8d\x1c\x41\xcf\x27\xba\x91\
\x90\xa0\x9b\xab\xbf\x0b\x9a\x02\x60\x40\xff\x17\x2d\x5d\x48\x66\
\x87\xad\x5b\xb6\xf0\xeb\x2f\x0b\x1c\x89\xf5\xfd\x77\xdf\xd0\xfb\
\xa9\xee\x7e\xf7\x22\x4e\x4a\x4a\x62\xf6\xac\x99\x6e\xa7\x11\x74\
\x0e\x1e\x3c\x40\xf3\xbb\x1b\xb1\x7f\xff\x3e\xb7\x53\x31\xe4\xf7\
\x43\x87\x68\xd5\xfc\x1e\x0e\x1d\x3c\xe8\x76\x2a\x80\x77\x66\xa2\
\x5b\xa7\x47\x5d\x5d\x5c\x67\xc6\x94\x1f\x27\xd3\xe5\xb1\x47\xfc\
\xee\xfd\x43\xfe\x29\x28\x0a\x80\x59\x3f\xcf\x70\x6d\xa1\x54\x6a\
\xcd\xfa\x79\x86\xed\x31\xe6\xce\x99\xc5\x8b\xfd\x9e\xf5\xb9\x0e\
\x84\x94\xda\xbd\x6b\xa7\xdb\x29\x04\x95\xd3\xa7\x4f\xf1\x48\x9b\
\xd6\x3e\xb1\x58\xd5\x8c\xe3\xc7\x8f\xf1\xf0\x83\xf7\x73\xf2\xa4\
\xf1\x67\xca\x56\xf8\x65\xfe\x3c\x9e\xed\xfd\x94\xa3\xb3\x7d\x76\
\x58\x30\x6f\x2e\x7d\x7a\x3d\x61\xeb\xfe\x29\x62\xaf\xa0\x28\x00\
\x86\x7e\xfa\xb1\xdb\x29\xa4\xd8\xcd\xb6\xa4\xb5\xca\x8a\xe5\x4b\
\xe9\xde\xb5\x93\x5f\xbf\xf9\x5c\x8a\xb9\xe4\x76\x0a\x41\x23\x3a\
\x3a\x9a\x87\x5b\xb7\x0c\x98\x76\xaa\xdf\x0f\x1d\xe2\x91\x87\x5b\
\xbb\x36\xed\xbe\x6e\xed\x1a\x1e\xef\xd2\x91\xab\x57\xaf\xba\x12\
\xdf\x6a\x53\x7e\x9c\xcc\xa0\xb7\x5e\x77\x3b\x0d\x31\x28\xe0\x0b\
\x80\x5d\x3b\x77\x38\xba\x2b\x99\x59\x76\xbe\x31\x1c\x3f\x7e\x8c\
\xee\x5d\x3a\xf9\xfc\xa3\x90\x5b\xc9\x91\x33\xa7\xdb\x29\x04\x8d\
\x17\xfb\x3d\xe3\x17\x0b\xd4\x52\x63\xeb\x96\x2d\xf4\xed\xd3\xcb\
\xf1\xb8\x67\x4e\x9f\xe6\xf1\xce\x1d\x89\x8d\x4d\xdd\xf9\x22\xbe\
\x6e\xc4\xd0\x21\x4c\xf9\x71\xb2\xdb\x69\x88\x01\x01\x5f\x00\x4c\
\x9a\xf0\x83\xdb\x29\xa4\x4a\xae\xdc\xb9\x6d\x19\x37\x29\x29\x89\
\xde\x4f\xf6\xf0\xd9\xd5\xd0\xa9\x51\xab\x76\x5d\xb7\x53\x08\x0a\
\xdf\x8c\x19\x1d\xb0\x6f\xec\x33\xa6\x4d\x71\xb4\xed\x2e\x29\x29\
\x89\x5e\x4f\x3e\xce\xb1\x63\x47\x1d\x8b\xe9\xa4\xe7\xfb\x3e\xcd\
\xfe\x7d\x7b\xdd\x4e\x43\x52\x29\xe0\x8f\x03\x5e\x69\xc1\xb3\xff\
\x34\x69\xd2\x50\xb7\x5e\x7d\x6a\xd5\xae\x4b\x89\x92\xa5\x88\x8c\
\x8a\x24\x29\x29\x89\x84\xf8\x04\x76\xee\xd8\xce\x96\x2d\x9b\x59\
\xb6\x74\xb1\xe1\x93\xf1\xae\x57\xa3\x86\x3d\x07\x9b\x7c\xfa\xf1\
\x07\xa9\xda\x63\x3e\x35\xae\x9d\xec\x57\xb5\x5a\x75\x8a\x16\x2b\
\x4e\xbe\xfc\x05\xfe\x3e\x42\xf7\xfc\xb9\x73\x9c\x3d\x77\x96\x43\
\x07\x0e\xb0\x76\xcd\x6a\x36\x6e\x58\x67\x6a\xfa\x35\x6b\xb6\x6c\
\x34\x6e\x7a\xb7\x55\xa9\xcb\x4d\xec\xde\xb5\x93\xd7\x5f\x7d\xc5\
\xb6\xf1\x0b\x15\x2e\x4c\xcd\x5a\x75\x28\x59\xaa\x34\x45\x8b\x16\
\x23\x7d\xfa\xf4\x44\xa5\x4f\xcf\xa5\x98\x18\xa2\xa3\xa3\xd9\xbf\
\x7f\x1f\x7b\x76\xef\x62\xc5\xf2\xa5\xfc\x7e\xe8\x90\x2d\x39\x0c\
\x78\xf9\x45\x6a\xd4\xac\x45\xb1\xe2\x25\x6c\x19\xff\x7a\x5f\x7c\
\x3e\x9c\xdf\x7e\x5d\x68\xcb\xd8\x61\x61\x61\x54\xa8\x58\x89\xaa\
\xd5\xaa\x53\xac\x78\x09\xf2\x17\xb8\x8d\xa8\xa8\x28\xc2\xc3\xc3\
\xb9\x70\xe1\x3c\xe7\xce\x9e\x65\xdf\xbe\xbd\x6c\xd9\xb4\x82\xec\
\x79\x37\x00\x00\x20\x00\x49\x44\x41\x54\x89\x55\x2b\x97\x73\xe1\
\xc2\x05\xcb\x73\xb8\x74\xe9\x12\x3d\x9f\x78\x9c\x59\xf3\x16\x06\
\xd4\x79\x0c\x81\x2e\xa0\x0b\x80\x2b\x57\xe2\xd8\x66\x72\xfa\xf2\
\xbe\x96\x0f\x30\xf0\x9d\xf7\xc8\x95\xeb\xc6\x9f\xcc\xaf\xed\x3b\
\x7e\xf5\xea\x55\x96\x2e\x59\xcc\xb8\xef\xbe\x61\xf6\xac\x99\x86\
\x16\xc6\x84\xa7\x4d\xcb\xc3\xed\xad\x3f\xc1\xea\xe0\xc1\x03\x0c\
\xf9\xf8\x23\xcb\xc7\xad\x56\xbd\x06\xed\x3b\x74\xe4\xde\x16\xf7\
\x93\x21\x43\x86\x14\x5d\x93\x98\x98\xc8\xaf\xbf\x2c\x60\xfc\xb8\
\xb1\x2c\x98\x3f\x37\xd5\xab\x88\x5f\xea\xff\xea\xdf\xc5\x85\xd8\
\x23\x39\x39\x99\x97\x5e\x78\xce\xf2\x15\xea\xb9\x73\xe7\xa1\x7d\
\x87\x8e\xb4\x6e\xf3\x70\xaa\x8e\xc9\xde\xbf\x6f\x2f\x3f\x4e\x9a\
\xc8\x0f\xdf\x7f\x67\xe9\x42\xc4\xb8\xb8\x58\x5e\x7e\xa1\x1f\x93\
\xa7\xda\xbb\xf0\xf6\xe8\x91\x3f\xf9\x70\xf0\x3b\x96\x8f\x7b\x47\
\x95\xaa\xb4\xef\xd0\x91\xe6\xf7\xb5\x24\x53\xa6\x4c\x29\xba\x26\
\x31\x31\x91\x15\xcb\x97\x32\x79\xc2\x78\xa6\x4d\x9b\x62\xe9\xe3\
\xc0\x4d\x1b\x37\xf0\xed\xd7\x63\xe8\xd2\xad\xbb\x65\x63\x8a\xbd\
\x02\xfa\x11\xc0\x9e\xdd\xbb\x4d\x6d\x92\xd2\xb1\x53\x17\xbe\xf8\
\xf2\xeb\x9b\xde\xfc\xaf\x17\x16\x16\xc6\x5d\x0d\x1a\xf2\xe5\x37\
\x63\x59\xba\x6a\x1d\xcd\x5b\xdc\x9f\xea\x78\xfd\x5e\x78\x89\x9c\
\x39\x73\x19\x49\xf5\x3f\xbd\xf2\x62\x3f\x4b\xdf\xcc\xab\xd7\xac\
\xc5\xf4\x59\xf3\x98\x31\x7b\x3e\x6d\xdb\x77\x48\xf1\xcd\x1f\xbc\
\x47\x75\x36\x6e\x7a\x37\x5f\x7d\x37\x8e\xd5\xeb\x37\xd3\xfa\xa1\
\x36\x78\x3c\x9e\x14\x5d\xdb\xa5\x5b\x77\x3a\x76\xea\x62\x34\x6d\
\x49\xa1\x1f\x27\x4f\x64\xe5\x72\xeb\xce\x3c\xc8\x91\x23\x27\x83\
\x3f\xfc\x84\x35\x1b\xb6\xf0\xc2\xcb\xaf\xa4\xea\xe6\x0f\x50\xb4\
\x58\x71\x5e\xec\x3f\x80\xb5\x1b\xb7\xf2\xde\x07\x1f\x93\x2d\x7b\
\x76\xcb\x72\x5b\xba\x64\x11\x53\x7f\xfa\xd1\xb2\xf1\x6e\xe4\xd5\
\xfe\x2f\x71\xe9\x92\x75\x0b\x57\xab\x54\xad\xc6\x94\x19\xb3\x98\
\x35\x6f\x21\x8f\x3c\xfa\x58\x8a\x6f\xfe\xe0\x7d\xfd\xd5\xad\x77\
\x27\x9f\x8d\xf8\x82\xd5\xeb\x37\xd3\xb9\x6b\x77\x4b\x3f\xb1\xbf\
\xf7\xf6\x5b\xae\x77\x59\x48\xca\x05\x74\x01\x70\xc6\xc4\x94\x7c\
\xb6\xec\xd9\x79\x63\xe0\x3b\x29\xbe\x39\x5d\xaf\x68\xd1\x62\x7c\
\xf9\xcd\x58\x7e\x98\xf8\x13\xb9\x73\xe7\x49\xd1\x35\x6d\x1e\x6e\
\x47\xcf\xde\xcf\xa4\x3a\xd6\xad\xfc\xfa\xcb\x02\x7e\x5d\xf8\x8b\
\x25\x63\x65\xc8\x90\x81\x21\xc3\x3e\x67\xda\xcc\x39\x54\xaf\x51\
\xd3\xf4\x78\x79\xf3\xe5\x67\xf8\xc8\x2f\x99\x35\x6f\x21\xd5\xaa\
\xd7\xb8\xe9\xf7\x65\xca\x94\x89\x77\xdf\xff\x90\x77\x06\x7f\x68\
\x3a\xa6\xfc\xb7\xb8\xb8\x58\x06\xbd\xf1\x9a\x65\xe3\xb5\x7b\xe4\
\x51\x96\xad\x5a\xc7\x63\x9d\xbb\x12\x9e\x36\xad\xa9\xb1\xc2\xd3\
\xa6\xa5\x53\x97\x6e\x2c\x5f\xb5\xde\xd2\xb3\xde\xdf\x7a\x7d\x80\
\x6d\x0b\x63\x57\x2e\x5f\x66\x59\x6b\x6f\x64\x64\x24\x1f\x7c\x3c\
\x84\x19\xb3\xe7\x5b\xb2\x0e\x26\x4f\x9e\xbc\xbc\xfb\xfe\x87\xcc\
\xfd\x65\x11\x65\xcb\x95\xb7\x20\x43\xb8\x78\xf1\x22\xef\xbf\xfb\
\xb6\x25\x63\x89\xfd\x02\xba\x00\x30\xb3\x6f\x7c\x8d\x1a\xb5\x88\
\x8c\x8c\x34\x15\xbf\x41\xa3\xc6\x2c\x5a\xb6\x8a\x07\xdb\x3c\x4c\
\x48\xc8\x8d\x7f\xd4\x51\x51\x51\xbc\x39\xe8\x5d\x3e\x1d\xf6\xb9\
\x2d\xcf\xce\x3e\xf9\xe8\x7d\x4b\xc6\x29\x5d\xa6\x2c\xf3\x7e\x5d\
\xc2\xc3\xed\x1e\x31\x54\x14\xfd\x97\xca\x77\x54\x61\xc6\xec\xf9\
\xfc\x38\x6d\x26\x5d\x1f\xef\xc1\x9d\x77\x35\xa0\x5a\xf5\x1a\xdc\
\xd7\xf2\x01\xde\xff\xe8\x53\xd6\x6c\xd8\x4a\xe7\xae\x9a\x56\x74\
\xc2\xf8\x71\x63\x2d\x99\x66\x8f\x88\x48\xc7\x88\x2f\xc6\xf0\xc9\
\x67\xc3\xc9\x94\x39\xb3\x05\x99\xfd\xbf\xcc\x59\xb2\x30\x64\xd8\
\xe7\x0c\xfd\x7c\x14\x69\xd3\x46\x98\x1e\xef\xd8\xb1\xa3\x8c\xff\
\xe1\x7b\x0b\x32\xfb\x5f\x9f\x7c\xf4\x81\x25\xe3\x14\x2f\x51\x92\
\x79\x0b\x17\xf3\xe8\x63\x9d\x6f\xfa\x5e\x62\x54\xf9\xdb\x2b\x30\
\x6b\xde\x2f\xb4\x7b\xe4\x51\x4b\xc6\x9b\x38\xe1\x07\xcb\x0e\xee\
\x12\x7b\x05\xf4\x1a\x80\xd0\x50\xe3\x2f\x94\x78\x13\xfb\xc5\x5f\
\x2f\x73\x96\x2c\x0c\xfb\x7c\x34\x7d\x9f\x7f\x89\x99\xd3\xa7\xb2\
\x75\xcb\x16\x2e\x5e\xb8\x40\xde\x7c\xf9\xa8\x52\xb5\x1a\xf7\xb5\
\x7c\x80\x8c\x19\x33\x5a\x12\xeb\xdf\x56\x2c\x5f\xca\xda\x35\xab\
\x4d\x8f\x53\xbd\x66\x2d\xbe\x1b\x37\x31\x55\x53\x8d\x46\xd4\xa9\
\x5b\x9f\x3a\x75\xeb\xdb\x1a\x43\x6e\x2e\x21\x21\x81\xe1\x43\x87\
\x98\x1e\x27\x53\xa6\x4c\x7c\x3b\x6e\x22\x35\x6a\xda\xb3\xa0\xf5\
\x9a\x87\xda\xb4\xa5\x40\xfe\x02\x3c\xd6\xa1\xad\xe9\x85\x6d\xc3\
\x3e\xfb\x84\xf6\x1d\x3a\x92\x26\x4d\x1a\x8b\xb2\x83\x8d\x1b\xd6\
\xb3\x64\xf1\x6f\xa6\xc7\xa9\x7c\x47\x15\xc6\x4d\xf8\x91\x2c\x59\
\xb3\x5a\x90\xd5\x8d\x45\x44\xa4\xe3\x93\xcf\x86\x93\x2f\x7f\x7e\
\x3e\x1c\xfc\xae\xa9\xb1\x12\xe2\xe3\x19\xf6\xd9\xa7\x9a\xb1\xf3\
\x03\x01\x5d\x00\x64\xca\x9c\xc5\xf0\xb5\x4b\x17\x2f\xe6\xd0\xc1\
\x83\x14\x2a\x5c\xd8\x92\x5c\x8a\x14\x29\x4a\x9f\x67\xcd\x1f\x64\
\x93\x1a\x23\x47\x0c\x33\x3d\x46\xa5\xca\x77\xf0\xc3\xc4\x9f\x88\
\x8a\x8a\xb2\x20\x23\xf1\x65\x3f\xcf\x98\xce\x9f\x7f\xfc\x61\x6a\
\x8c\x74\xe9\xd2\xf1\xfd\x84\x1f\xa9\x5a\xad\xba\x45\x59\xfd\xb7\
\x1a\xb5\x6a\x33\x76\xfc\x64\xda\x3c\x70\x3f\x71\x71\xc6\xfb\xeb\
\xff\x38\x7c\x98\xd9\x3f\xcf\xe0\xfe\x56\xad\x2d\xcb\xcd\x8a\xd7\
\x5f\xb9\xf2\xb7\x33\xe1\xc7\x69\xb6\x7d\x48\xf8\xb7\x7e\x2f\xbc\
\x4c\xe2\xd5\x44\xd3\x33\x87\x3f\x7c\x3f\x96\x17\xfb\xbf\x6a\xfb\
\x87\x06\x31\x27\xa0\x1f\x01\x64\x37\xb1\x58\x28\x2e\x2e\x96\x56\
\x2d\xee\x61\xc4\xb0\xcf\x0c\x1f\xd3\xea\xa6\x53\xa7\x4e\x9a\x3e\
\x57\x20\x6f\xbe\xfc\x8c\x9b\xf0\xa3\x6e\xfe\x41\x62\xf2\x44\x73\
\x7b\x66\x78\x3c\x1e\x86\x7f\xf1\xa5\x63\x37\xff\x6b\xaa\x55\xaf\
\xc1\xd0\x11\xe6\x4f\x27\x9c\x68\xe1\x9e\x21\x17\x2e\x5c\x60\xee\
\xec\x59\xa6\xc6\xc8\x95\x2b\x37\xe3\x26\xfe\xe8\xd8\xcd\xff\x9a\
\x17\x5e\x7e\x85\xd6\x0f\xb5\x31\x35\x46\x5c\x5c\x2c\x33\xa7\x4f\
\xb5\x28\x23\xb1\x4b\x40\x17\x00\x25\x4a\x96\x22\x22\x22\x9d\xe1\
\xeb\x8f\x1d\x3b\xca\x5b\xaf\x0f\xe0\xf6\xb2\x25\xe8\xfd\x64\x77\
\xb6\x6d\xdd\x62\x61\x76\xf6\x9a\xfa\xd3\x8f\xa6\x76\x15\x0c\x0b\
\x0b\xe3\x8b\x2f\xbf\x26\x6b\xb6\x6c\x16\x66\x25\xbe\xea\xf8\xf1\
\x63\x2c\x5e\x64\x6e\xba\xba\x5b\xf7\x27\x68\x76\x6f\x0b\x8b\x32\
\x4a\x9d\x16\xf7\xb7\x32\xdd\x7e\xb6\x64\xd1\x6f\x96\xad\x60\x9f\
\x31\x6d\x8a\xa9\xce\x9b\x90\x90\x10\x46\x8c\xfa\x32\x45\x1d\x48\
\x56\xf3\x78\x3c\xbc\xff\xd1\x10\x8a\x16\x2b\x6e\x6a\x9c\xc9\x93\
\x26\x58\x94\x91\xd8\x25\xa0\x0b\x80\x34\x69\xd2\x50\xae\xbc\xf9\
\xd5\xad\xf1\x57\xae\x30\x79\xd2\x04\x1a\xdd\x59\x87\xfb\xef\x6d\
\xca\x94\x1f\x27\xfb\xfc\x29\x5e\x53\x7f\x32\xb7\x83\x5b\x97\x6e\
\xdd\x1d\xff\x24\x27\xee\x99\x39\x7d\x9a\xa9\xf3\x21\x0a\xdc\x76\
\x1b\xfd\x5f\x7d\xc3\xba\x84\x0c\x18\xf0\xfa\x5b\xe4\xcb\x9f\xdf\
\xf0\xf5\x57\xaf\x5e\x65\xe6\xf4\x69\x96\xe4\x62\xb6\xb5\xb0\x43\
\xc7\x4e\xd4\xae\x53\xcf\x92\x5c\x8c\x88\x8a\x8a\xe2\xc3\x8f\x87\
\x98\x5a\xf0\xbb\x66\xd5\x4a\x2d\x06\xf4\x71\x01\x5d\x00\xc0\xff\
\x6f\xd4\x63\x95\xd5\xab\x56\xf2\x54\x8f\xae\x94\x2f\x55\x8c\xe7\
\xfb\xf6\xf1\xc9\x59\x81\x0b\xe7\xcf\xb3\x65\xf3\x26\xc3\xd7\x67\
\xcd\x96\x8d\x17\x5e\x1e\x60\x61\x46\xe2\xeb\x16\x2f\xfa\xd5\xd4\
\xf5\xaf\xbf\xf5\x36\xe9\xd2\x19\x9f\x6d\xb3\x42\x64\x64\x24\xaf\
\xbd\x31\xd0\xd4\x18\x4b\x4c\xce\x82\x00\xc4\xc6\xc6\xb2\x76\xad\
\xf1\xc5\xb7\x19\x33\x66\xa4\xff\x00\xf7\x0f\xd8\xa9\x59\xbb\x0e\
\xf7\xb5\x7c\xc0\xf0\xf5\xc9\xc9\xc9\x2c\x5d\xb2\xd8\xc2\x8c\xc4\
\x6a\x01\xbd\x08\x10\xe0\xa1\x36\xed\xf8\xe0\xbd\x77\x2c\x3f\xb2\
\xf2\xe2\xc5\x8b\x8c\xfd\xf6\x6b\xc6\x7e\xfb\x35\xb7\x57\xa8\xc8\
\xa3\x8f\x75\xa6\x55\xeb\x87\x7c\x62\x97\xba\xe5\xcb\x97\x9a\xfa\
\x34\xf7\x78\x8f\x27\x7d\xe2\xef\xe1\x8b\x16\xff\xf6\x2b\x6d\x1e\
\x48\xfd\x26\x4f\xb7\xe2\xe6\xe9\x8c\x57\xaf\x5e\x65\xf5\xca\x15\
\x86\xaf\x2f\x5e\xa2\xa4\x6b\x53\xff\xff\xd6\xe2\xfe\x56\x7c\xfc\
\xe1\xfb\x86\x8f\x8c\x5e\xb9\x62\x19\x89\x89\x89\xa6\x5a\x72\x57\
\xad\x5c\x61\x6a\x03\xb2\xce\x5d\xbb\x93\x39\x8b\xf1\x05\xcc\x56\
\x7a\xee\xf9\x17\x99\x39\x7d\xaa\xe1\xf7\xcf\x65\x4b\x16\x5b\xba\
\x67\x83\x58\x2b\xe0\x0b\x80\xfc\x05\x0a\x70\x57\xc3\x46\x2c\x5c\
\x30\xdf\xb6\x18\x5b\x36\x6f\xe2\xf9\xbe\x7d\x78\xf3\xb5\x57\x68\
\xf9\xc0\x83\xb4\xef\xd0\x91\xca\x77\x54\xb1\x2d\xde\xad\xac\x58\
\xb6\xd4\xf0\xb5\x69\xc2\xc3\xe9\xd4\xb9\x9b\x85\xd9\x04\x96\x13\
\x27\x8e\x5b\xba\x1d\xad\x2f\xd8\xb2\x79\x13\xd1\xd1\xd1\x86\xaf\
\x7f\xbc\xc7\x93\x96\xf7\xa6\x1b\x15\x12\x12\x42\xe7\xae\x8f\xf3\
\xd2\xf3\x7d\x0d\x5d\x7f\xf1\xe2\x45\xb6\x6e\xd9\x4c\xc5\x4a\x95\
\x0d\xe7\xb0\x62\xb9\xf1\xd7\x5f\x68\x68\x28\x9d\xbb\x3d\x6e\xf8\
\x7a\xab\x95\x28\x59\x8a\xba\xf5\xea\x1b\x5e\x1f\xb2\xcc\xc4\x7b\
\x91\xd8\xcf\x37\x5e\xb5\x36\x7b\xf9\x95\xd7\x1c\x79\x83\x8a\x89\
\x89\xe1\xfb\xef\xbe\xa1\x59\x93\x06\x34\xac\x5f\x9b\x6f\xbf\x1e\
\xe3\xca\xb9\xe3\x3b\xb6\x6f\x37\x7c\x6d\xa3\x46\x4d\x6c\xed\x37\
\x16\xdf\xb3\x63\xfb\x36\xc3\xd7\x86\xa7\x4d\xcb\xfd\x26\xa6\x89\
\xed\xd0\xb2\x55\x6b\xd2\x84\x87\x1b\xbe\xde\xcc\xcf\xc3\xec\xf5\
\x75\xeb\xd5\x4f\xf1\xee\xa1\x4e\x79\xf0\xe1\x76\x86\xaf\x3d\x76\
\xf4\x88\x5f\x76\x51\x05\x8b\xa0\x28\x00\xca\x95\xbf\x9d\x87\x4c\
\xfc\x12\x1b\xb1\x7d\xdb\x56\x5e\xec\xf7\x2c\x95\xca\x95\xe4\xbd\
\xb7\x07\x3a\xfa\x22\xd8\xb7\x77\x8f\xe1\x6b\x9b\xdc\x7d\x8f\x85\
\x99\x88\x3f\x30\xf3\xfb\x52\xa3\x46\x2d\xcb\x77\xfa\x33\x2b\x73\
\x96\x2c\x54\xad\x6a\x7c\x01\xeb\x3e\x93\xc7\xda\x9a\x7b\xfd\x35\
\x33\x15\xdb\x0e\x8d\x1b\x37\x35\xf5\x01\xca\xec\xcf\x53\xec\x13\
\x14\x05\x00\xc0\xa0\x77\xdf\xa7\x70\xe1\x22\x8e\xc7\x8d\x8e\x8e\
\xe6\xd3\x8f\x3f\xa0\x6a\xa5\x72\x0c\xff\xec\xd3\x54\x9f\x7e\x67\
\x24\x9e\x99\x56\x26\x2b\xf6\x18\x17\xff\xb2\x7f\xff\x3e\xc3\xd7\
\xd6\xaa\x53\xc7\xc2\x4c\xac\x53\xbb\xae\xf1\xdf\xe3\xfd\x7b\x8d\
\xdf\xb0\xe2\xaf\x5c\x31\xb5\x99\x52\xad\xda\xbe\xf7\xf3\xcc\x9c\
\x25\x0b\x65\xcb\x95\x33\x7c\xfd\x7e\x15\x00\x3e\x2b\x68\x0a\x80\
\x0c\x19\x32\x30\xea\xab\x6f\x5d\xdb\xd4\x26\x3a\x3a\x9a\x81\x6f\
\xbe\x46\x83\x7a\xb5\xd8\xb0\x7e\x9d\x6d\x71\xfe\xaf\xbd\xfb\x0c\
\x8f\xaa\x68\xfb\x00\xfe\xdf\x6c\x2a\x49\xe8\xbd\x43\x08\x25\xb4\
\xd0\x91\x40\x28\x22\x45\x3a\x86\x1a\xba\x20\x02\x22\x2a\x62\x41\
\x51\x40\x10\x1e\x40\x10\x41\x11\x50\xc0\x50\x1e\x41\xba\x52\x13\
\x12\x42\x0f\x08\x52\x84\x54\xe0\x41\x01\xa9\xe9\x6d\x53\x76\xdf\
\x0f\xfb\xc6\x0b\x30\x86\xe4\xcc\x9c\xb3\x9b\xec\xff\x77\x5d\x7e\
\x40\x77\xee\xb9\x0d\xbb\x99\x7b\xe7\x4c\x11\xd9\x76\xe3\xe6\xe6\
\x86\xea\x35\x6a\x48\xcc\x86\x0a\x83\xbb\x77\xee\x28\x6e\xeb\xe5\
\xa5\x7c\x60\x50\x93\xc8\xe5\x36\x77\x04\x3e\x43\xf7\xee\xdd\x53\
\xbc\xa0\xd3\xc1\xd1\x11\x75\x3c\xeb\x2a\xee\x5b\x4d\x0d\x04\xfe\
\x9e\x6f\xdf\x16\x3b\x5d\x92\xd4\x63\x33\x05\x00\x60\xbe\xf4\x62\
\xd3\x7f\x7f\x12\xbe\xe4\x47\x44\x74\x54\x24\xfa\xf5\xea\x8e\xaf\
\xbe\xfc\x02\x26\x93\x49\x7a\x7c\x91\x35\x07\xb5\x6a\x7b\x48\xbf\
\xe8\x87\xac\x5f\x72\xb2\xf2\x05\x80\xb5\x3d\x3c\x24\x66\x22\x4f\
\xed\xda\xca\xf3\x12\xf9\x79\x88\xb4\xad\x51\xa3\x26\xec\xed\xad\
\x73\x5d\xb6\xc8\xdf\x73\x8a\x05\xd6\x41\x51\xfe\xd8\x54\x01\x00\
\x98\xf7\xb6\x6e\xd9\xba\x43\xea\x9d\xe2\x05\x95\x99\x99\x89\xcf\
\x3f\x9b\x83\x49\xaf\xbd\x2a\xfd\x1a\x52\x91\x02\xa0\x34\x17\xff\
\xd9\x24\x91\xf7\x4c\xa9\x52\xd6\xf9\x9e\x11\x59\xc8\x9a\x9c\xa4\
\xfc\xe7\x51\x54\x3f\x7f\x22\x7f\xcf\x96\x58\x08\x4d\xf9\x63\x73\
\x05\x00\x60\xbe\x40\x24\xe8\xe8\x09\x29\x77\xda\x8b\xd8\xbd\x73\
\x3b\xfc\x87\x0e\x12\xba\xc4\xe4\x59\x69\x69\xa9\x8a\xdb\xba\xb8\
\x58\x6e\x66\x84\x2c\x27\x35\x25\x45\x71\xdb\x62\x56\x7a\x4f\x84\
\xab\xab\xf2\x73\x2c\x52\x52\x94\x0f\x58\x69\x69\xca\x3f\xcb\x96\
\x3e\x48\x29\x2f\x6e\x6e\xee\x8a\xdb\x8a\xfc\x3c\x49\x5d\x36\x59\
\x00\x00\x40\xa5\x4a\x95\xb1\x73\xef\x7e\x2c\x5d\xbe\x12\x1e\x1e\
\x75\x2c\x96\xc7\xf1\x63\x47\x31\x7e\xec\x28\xa1\x73\xfb\x9f\xe4\
\xe8\xa0\x7c\xfb\x93\xac\x2b\x90\xa9\x70\x71\x74\x72\x52\xdc\x56\
\xf6\x0c\x96\x2c\x86\x74\xe5\x47\x75\x3b\x39\x3b\x2b\x6e\xeb\x28\
\x70\x9d\x70\x86\xca\x0b\x84\x45\x88\x7c\x49\x71\x72\x52\xfe\xf3\
\x24\x75\xd9\x6c\x01\x00\x98\x0f\xdd\x18\x3e\x62\x14\x4e\x84\x9d\
\xc7\xb6\x9d\x7b\xd0\xa7\xdf\x00\xa1\x13\xc0\x94\x0a\x3a\x7c\x08\
\xf3\xe7\xca\x39\xfa\xd3\x55\xe0\x04\xbf\xa4\xc4\x44\x29\x39\x50\
\xe1\x22\x72\xea\x63\xa2\x95\xbe\x67\x44\x0e\x36\x12\xf9\x79\xb8\
\xb9\x2b\xff\xa6\x6c\xcd\x9f\x3f\x4b\xfd\x3c\x49\x5d\x36\x5d\x00\
\xe4\xd0\xe9\x74\xf0\xed\xd8\x19\x6b\xd7\xfd\x80\x63\xa7\xcf\xe1\
\xd5\x09\x13\xe1\x2e\xf0\x41\x56\x62\xd5\xd7\x2b\x10\x74\xf8\x90\
\x70\x1c\x91\x5d\x0e\x7f\xdc\xba\x25\xdc\x3f\x15\x3e\x22\xd3\xe5\
\x7f\xfe\x69\x9d\xef\x99\x5b\xb7\x6e\x2a\x6e\x2b\x32\xdd\x2d\xf2\
\x48\xe4\x8f\x5b\xff\x53\xdc\x56\x6d\xb7\xfe\xf7\x3f\xc5\x6d\x45\
\x7e\x9e\xa4\x2e\x16\x00\xcf\xf0\xf0\xa8\x83\xf9\x0b\x17\xe3\xe2\
\xd5\x28\x2c\x59\xf6\x15\x1a\x37\x69\xaa\x59\xdf\x33\xa6\xbf\x25\
\xbc\x60\xa6\x6c\xb9\x72\x8a\xdb\xde\xbf\x7f\x0f\x09\xf1\xf1\x42\
\xfd\x53\xe1\x53\xb6\xac\xf2\xf7\x4c\x54\x44\x84\xc4\x4c\xe4\x89\
\x8e\x52\x7e\x18\x8f\xc8\xcf\x43\xa4\x6d\x62\x62\x22\xee\xdd\xfb\
\x4b\x71\x7b\x35\x45\x47\x45\x2a\x6e\x6b\xc9\x05\xd7\x94\x37\x16\
\x00\xff\xc2\xd5\xd5\x15\x23\x46\x8d\x41\x60\xc8\x71\x1c\x08\x0c\
\xc1\xd0\xe1\x23\x54\x5f\xa4\xf3\xd7\xdd\x3b\x58\xbd\x6a\xa5\x50\
\x8c\x8a\x15\x2b\x09\xcd\x5e\x84\x9d\x39\x2d\xd4\x3f\x15\x3e\x1e\
\x75\x94\xaf\x81\x09\x0b\xb3\xce\xf7\xcb\xe9\x53\x27\x15\xb7\xad\
\xe3\xe9\xa9\xb8\x6d\x89\x12\x25\x84\x8a\x00\x91\x4b\x99\xd4\x92\
\x99\x91\x81\x0b\xe7\xcf\x29\x6e\x6f\xad\x67\x1b\x10\x0b\x80\x7c\
\x69\xd6\xbc\x05\xbe\x5c\xf1\x0d\x2e\x87\xc7\x60\xf1\xd2\xe5\xaa\
\x5e\xf4\xb3\xfa\x9b\x95\x48\x11\x58\x95\x0d\x00\xb5\x05\x16\x35\
\x1e\x0d\x39\x22\xd4\x37\x15\x3e\x1e\x75\x94\x0f\x78\xc7\x43\x43\
\xa5\x2d\x60\x95\x25\x33\x33\x13\x27\x8e\x2b\xbf\x86\x56\xe4\xf3\
\x03\x00\x75\xea\x2a\x1f\xf0\x8e\x86\x88\x5d\xcb\xac\x86\xb0\xb0\
\xd3\x48\x4d\x55\xbe\xbb\xc8\x92\x8b\xac\x29\x6f\xd6\x79\xea\x84\
\x95\x72\x77\x77\xc7\xc8\xd1\x63\x31\x72\xf4\x58\x44\x46\x84\x63\
\xcb\xa6\x00\x6c\xff\x69\x2b\x1e\x3f\x7a\x24\xad\x8f\xc4\xc4\x44\
\xec\xdc\xbe\x0d\x23\x47\x8f\x55\x1c\xa3\x6e\xdd\x7a\xb8\x74\xf1\
\x37\x45\x6d\xf7\xee\xde\x85\x39\xf3\x16\xc0\x41\x60\x35\x73\x51\
\xd6\xb1\x53\x67\x4c\x79\xf3\x2d\xe9\x71\xd3\xd3\xd2\x31\xca\x7f\
\x88\xf4\xb8\xf9\x51\xb7\x5e\x7d\xc5\x6d\x1f\x3d\x7a\x88\x63\x47\
\x43\xd0\xa5\xeb\x4b\x12\x33\x12\x13\x1a\x12\x8c\xb8\xd8\x58\xc5\
\xed\x45\x7e\x1e\x80\xf9\xf3\x77\x46\xe1\x0c\xc4\xbe\x9f\xf7\x60\
\xc1\xa2\x25\x70\x76\xb6\x9e\x2d\x81\x3b\xb7\xff\xa4\xb8\xad\xab\
\xab\x2b\x2a\x57\xa9\x22\x31\x1b\x92\x89\x05\x80\x42\xf5\xea\x37\
\xc0\x9c\x79\x0b\xf0\xf1\x27\x73\xb0\xef\x97\xbd\x58\xf7\xdd\x1a\
\x9c\x0d\x3b\x23\x25\xf6\xee\x9d\x3b\x84\x0a\x80\x36\x2f\xb4\xc3\
\x4f\xdb\x7e\x54\xd4\xf6\xd1\xa3\x87\x38\xb8\xff\x17\xf4\xe9\x37\
\x40\x71\xff\x45\x59\x85\x8a\x95\xe0\xdb\xb1\xb3\xf4\xb8\xa2\xb3\
\x3e\x22\x5a\xb6\x6a\x0d\x7b\x7b\x7b\xc5\xdf\xe4\x37\xfe\xb0\xde\
\xaa\x0a\x80\x8d\x3f\xac\x57\xdc\xd6\xde\xde\x1e\x2d\x5b\xb5\x16\
\xea\xbf\x4d\xdb\x76\x08\xd8\xb0\x4e\x51\xdb\xc4\xc4\x44\xec\xdd\
\xbd\x0b\x83\x87\x0e\x17\xca\x41\x96\x84\xf8\x78\xfc\xbc\x67\x97\
\xe2\xf6\x6d\xda\xbe\x60\x35\x57\x45\xd3\x3f\xf1\x6f\x46\x90\x83\
\xa3\x23\xfa\x0f\xf4\xc3\xde\xfd\x87\x11\xb0\x79\x2b\x6a\xd6\xaa\
\x25\x1c\x33\xec\xcc\x29\xa1\x6d\x37\xed\x3b\x74\x14\xea\x5f\xad\
\x63\x8a\xc9\x3a\x15\x2f\x5e\x5c\x68\xb1\xeb\xa1\x83\xfb\x11\x19\
\x11\x2e\x31\x23\xe5\xae\xfe\x7e\x05\x87\x0f\x1d\x50\xdc\xde\xbb\
\x59\x73\xe1\x6d\x6b\x22\x17\x11\x01\xc0\x57\x5f\x2e\x85\xd1\x68\
\x14\x8a\x21\xcb\xda\x35\xab\x2c\xfa\xbb\x88\xd4\xc5\x02\x40\xa2\
\x6e\x3d\x7a\x22\xf4\x64\x18\xc6\xbf\xf6\xba\x50\x9c\xac\xac\x2c\
\x5c\xfc\xed\xbc\xe2\xf6\x35\x6b\xd5\x42\xd5\x6a\xd5\x14\xb7\xbf\
\x72\xf9\x32\xb6\xff\xb4\x55\x71\x7b\x2a\x7c\xda\xfb\x2a\xff\x45\
\x6d\x34\x1a\x31\xe7\x93\x8f\x24\x66\xa3\xdc\x9c\x4f\x3e\x16\x2a\
\x5e\x65\x0c\x58\x15\x2b\x56\x82\x67\xdd\x7a\x8a\xdb\xc7\x44\x47\
\x61\x53\xc0\x06\xe1\x3c\x44\xdd\xbb\xf7\x17\xbe\xfd\x7a\x85\x50\
\x0c\x91\xf7\x15\xa9\x8f\x05\x80\x64\x4e\x4e\xce\x98\xb7\x60\x11\
\xa6\xbd\xfd\xae\x50\x1c\x91\x2b\x49\x01\xa0\x57\xef\xbe\x42\xed\
\xe7\x7e\xf2\x31\x62\x1f\x3f\x16\x8a\x41\x85\x47\xef\x3e\xfd\x84\
\xda\x07\x1f\x09\xc2\x9e\x5d\x3b\x24\x65\xa3\xcc\x8e\x9f\xb6\xe1\
\x58\x68\x88\x50\x8c\x5e\x7d\xc4\x3e\x37\x7f\xc7\x11\xfc\xfc\x7d\
\x3e\x6f\x0e\xee\xdf\xbf\x27\x25\x17\xa5\x3e\xfe\xf0\x7d\xa1\x6d\
\xc9\xd5\xaa\x57\xd7\x74\x1b\x35\x15\x5c\x91\x2f\x00\x32\x0c\x06\
\x6c\xfb\x71\x0b\x26\x8e\x1f\x8b\x6e\x5d\x7c\xe1\xdb\xae\x35\x46\
\x0e\x1f\x8c\xb5\xab\x57\x49\x5d\xbc\xf7\xac\xf7\x67\x7e\x0c\xaf\
\x86\xca\xaf\xd0\x7c\x1c\x2b\x36\xf8\x0e\x1a\x32\x4c\xa8\xfd\xc3\
\x87\x0f\xf0\xc6\xe4\xd7\x2c\x32\x15\x99\x9e\x9e\x86\xa3\x21\xc1\
\x58\xbd\xea\x6b\xac\x5c\xbe\x0c\xbf\xfc\xbc\x07\x0f\x1f\x3e\xd0\
\x3c\x0f\x5b\xd2\xd4\xbb\x19\xea\x37\xf0\x12\x8a\xf1\xde\xf4\xb7\
\x84\x0e\x8c\x11\x71\xf3\xe6\x0d\x7c\xf8\xde\x3b\x42\x31\xea\xd6\
\xab\x2f\x6d\xc0\x1a\x3c\x6c\xb8\xd0\xcd\x9a\xf1\x71\x71\x78\x7d\
\xc2\x38\xc5\x57\x0b\x8b\x0a\xd8\xb0\x0e\xbf\xec\xdd\x2d\x14\x63\
\xd0\xe0\x61\xbc\x5d\xd4\xca\x15\xe9\x02\xe0\xd4\xc9\xe3\x68\xdb\
\xaa\x19\xde\x9c\xf2\x3a\xf6\xec\xda\x81\xcb\x97\x2e\x22\x2a\x32\
\x02\x81\x87\x0e\x62\xd6\xcc\xf7\xf1\x42\x2b\x6f\xc5\x8b\x75\x9e\
\xc7\xce\xce\x0e\xfd\x07\xbe\xa2\xb8\xbd\xc8\x2a\x66\x00\x68\xd4\
\xb8\x89\x50\x01\x02\x00\xc1\x41\x81\x98\x27\xe9\x88\xe2\xfc\x30\
\x18\xd2\xb1\x68\xc1\x7c\x34\xf5\xaa\x8b\xa1\x7e\xfd\xf1\xe9\xc7\
\x1f\x62\xde\xdc\x4f\x31\x7e\xcc\x48\x34\x6f\xdc\x00\xaf\x4f\x18\
\x67\xb5\x07\xa5\x14\x05\xaf\xf8\x0d\x16\x6a\x9f\x90\x90\x80\xd1\
\x23\x86\x6a\x7e\x98\x54\x7c\x5c\x1c\x46\xfb\x0f\x15\x3e\x96\x78\
\x88\xc4\x85\x77\xb5\x6b\x7b\x08\x6f\x17\x3e\x7d\xf2\x04\x3e\xfe\
\xf0\x7d\x49\x19\xe5\xdf\xa9\x93\xc7\xf1\xf1\x4c\xf1\x7e\x5f\x19\
\x6c\x99\x5d\x2d\x94\x7f\x45\xb6\x00\xd8\xf7\xcb\x5e\x0c\x1a\xd0\
\x17\x77\xef\xdc\xfe\xd7\xd7\x24\x26\x26\xe2\xbd\xe9\x6f\x61\xee\
\xec\x59\xaa\x2c\x7a\x13\xb9\x04\x23\x23\x43\xfc\x62\x9e\x31\xe3\
\xc6\x0b\xc7\xf8\x66\xc5\x72\x7c\xb9\x74\xb1\x70\x9c\xe7\x89\x7d\
\xfc\x18\xbd\x7b\x74\xc5\xd2\x25\xff\x41\x42\x42\xc2\x3f\xfe\x7b\
\x66\x66\x26\x76\xef\xdc\x8e\x8e\x3e\x6d\x70\xee\x6c\x98\xea\xf9\
\xd8\xa2\xa1\xfe\x23\x84\xb7\x9f\x45\x84\x5f\xc3\x88\x61\x83\x72\
\xfd\x3b\x54\x43\x42\x42\x02\x46\x0c\x1b\x84\xa8\x48\xb1\x13\x09\
\x5d\x5c\x5c\x30\x64\xb8\xbf\xa4\xac\xcc\xc6\xbc\x3a\x41\x38\xc6\
\xfa\xef\xd7\x60\xc1\xbc\xb9\x12\xb2\xc9\x9f\x0b\xe7\x7f\xc5\x98\
\x11\xc3\x84\x2f\x79\xea\xd8\xa9\x33\xf7\xff\x17\x02\x45\xb2\x00\
\xb8\x7e\x3d\x06\x93\x5f\x1b\x9f\xef\xe9\xb3\x6f\x56\x2c\xc7\xcc\
\xf7\x67\x48\x9f\xee\x16\x79\x1e\x29\x72\x9a\x58\x8e\xa1\xc3\xfc\
\x51\xb1\x62\x25\xe1\x38\x0b\xe7\x7f\x86\x59\x33\xdf\x57\xed\xc0\
\x97\xb8\xd8\x58\xf8\x0d\xe8\x83\x2b\x97\x2f\x3f\xf7\xb5\x09\xf1\
\xf1\xf0\x1f\xf2\x0a\x6e\xde\xbc\xa1\x4a\x2e\xb6\xac\x5c\xb9\xf2\
\xf0\x1f\x39\x4a\x38\xce\xb9\xb3\x61\x18\xd0\xa7\x67\x9e\xc5\xb7\
\x0c\x77\x6e\xdf\x46\xbf\x5e\xdd\xf1\xeb\xb9\xb3\xc2\xb1\x46\x8c\
\x1a\x23\xe5\x33\xf7\xa4\x01\x03\xfd\x50\xbd\x46\x0d\xe1\x38\xcb\
\x97\x2d\xc1\x8c\x77\xa6\x21\x53\xe5\xdb\x02\x0f\x1f\x3c\x00\xbf\
\xfe\xbd\xa5\x5c\xf0\xf4\xd6\x3b\x33\x24\x64\x44\x6a\x2b\x92\x05\
\xc0\xe7\x73\x67\xc3\x60\x28\xd8\x75\xa0\xeb\xbf\x5f\x83\x11\xc3\
\x06\x09\x4f\xbd\xe7\x38\x79\xe2\x18\x82\x83\x02\x15\xb7\x2f\x57\
\x5e\xfc\x97\x91\xa3\x93\x13\x26\xbd\xf1\xa6\x70\x1c\x00\x58\xbb\
\x7a\x15\xfc\x06\xf4\xc1\x5f\x77\xef\x48\x89\x97\xe3\xf1\xa3\x47\
\x18\xe2\xd7\x1f\xd7\xae\xfe\x9e\xef\x36\x89\x89\x89\xf8\xe0\xdd\
\xb7\xa5\xe6\x41\x66\x53\xa6\x4e\x83\x83\xa3\xf2\x2b\xa5\x73\x5c\
\xbb\xfa\x3b\xba\x76\xee\x80\xc0\x43\x07\x25\x64\xf5\x4f\x87\x0e\
\xee\x47\xd7\xce\xed\x11\x11\x7e\x4d\x38\x96\xa3\x93\x13\x26\x4f\
\x9d\x26\x21\xab\xa7\xd9\xdb\xdb\xe3\x8d\x37\xe5\xbc\x4f\x37\xfe\
\xb0\x1e\xfd\x7b\xf7\xc0\x9f\x7f\xfc\x21\x25\xde\x93\x32\x33\x33\
\x31\x6f\xee\xa7\x18\x3d\x62\xa8\xd0\x89\x7f\x39\xda\xbc\xd0\x0e\
\x2f\xf8\xb4\x97\x90\x19\xa9\xad\xc8\x15\x00\x71\xb1\xb1\x8a\xf7\
\x01\x07\x07\x05\xc2\xb7\x5d\x6b\x6c\xdf\xb6\x55\xe8\x91\x40\xf8\
\xb5\xab\x98\x30\x6e\xb4\x50\x8c\x1a\x35\xc4\xcf\x13\x00\x80\xd1\
\x63\xc7\x49\xf9\x16\x02\x00\x67\x4e\x9d\x44\x87\x17\x5a\xe1\xdb\
\x6f\x56\x4a\xb9\x07\xfe\x58\x68\x08\xba\xf8\xb6\xc3\xe5\x4b\x17\
\x0b\xdc\x36\xf4\x68\x88\xd5\xec\x3d\x2f\x4a\x2a\x57\xa9\x8a\x71\
\x12\xa6\xae\x01\xf3\x63\x9d\x91\xc3\x07\x63\xe2\xf8\xb1\xd2\x66\
\x03\xee\xdc\xbe\x8d\xf1\x63\x47\x61\xb4\xff\x50\x69\xc5\xfa\xf8\
\xd7\x5e\x47\xa5\x4a\x95\xa5\xc4\x7a\xd6\xb0\xe1\x23\xa4\x9d\x85\
\x7f\xfe\xd7\x73\xe8\xe8\xd3\x1a\x2b\xbe\x5c\x5a\xe0\x2f\x38\xff\
\x26\xe7\x33\xb8\x72\xf9\x32\x29\x8f\x41\x75\x3a\x1d\x3e\x9a\x35\
\x5b\x3c\x31\xd2\x44\x91\x2b\x00\x2e\x5d\xba\x28\x34\x55\xf6\xf0\
\xe1\x03\xbc\x31\x69\x02\xba\xf8\x9a\x4f\xd3\x4b\x4f\x4f\xcb\x77\
\x5b\xa3\xd1\x88\x4d\x01\x1b\xd0\xa7\xe7\x4b\x42\x5b\xe8\xec\xec\
\xec\xd0\xa2\x65\x2b\xc5\xed\x9f\xe4\xec\xec\x82\x79\x9f\x2f\x92\
\x12\x0b\x00\x92\x93\x93\x31\x7b\xd6\x4c\xb4\x69\xe9\x8d\xd5\xab\
\xbe\x56\xf4\xff\x19\x7e\xed\x2a\xde\x98\x34\x01\x43\xfd\x06\x08\
\x6d\x75\x0a\x09\xe6\xbd\x05\x6a\x98\xf1\xc1\x47\x52\x1e\x1d\xe5\
\xd8\xb3\x6b\x07\xda\xb4\xf4\xc6\xbb\x6f\xbf\x89\xab\xbf\x5f\x51\
\x14\xe3\xf7\x2b\x97\x31\xfd\xad\xa9\x68\xdb\xca\x5b\x78\x75\xfa\
\x93\x2a\x57\xa9\x8a\xe9\x33\x3e\x90\x16\xef\x59\x0e\x8e\x8e\x58\
\xb0\x68\x89\xb4\x78\xa9\xa9\xa9\x98\xff\xd9\x6c\xb4\xf2\x6e\x8c\
\x6f\x56\x2c\x57\xb4\x3b\x26\x33\x33\x13\x07\x0f\xec\x43\xbf\x5e\
\xdd\x31\x78\x60\x3f\xa1\x9b\xfe\x9e\x35\x74\xf8\x08\xb4\x6e\xd3\
\x56\x5a\xbc\xa2\xc2\x5a\x0f\x56\x2b\x72\x47\x01\xcb\xda\x2e\x16\
\x7e\xed\x2a\xa6\x4e\x7a\x0d\x1f\xce\x78\x07\x5d\xbb\xf5\x40\xfb\
\x0e\xbe\xf0\x6e\xd6\x1c\x1e\x75\x3c\x9f\xba\x15\x30\x3b\x3b\x1b\
\x11\xe1\xd7\x70\x34\xf8\x08\xb6\x6c\xde\x88\xeb\x31\x62\xfb\xf7\
\x01\xf3\x96\xac\x12\x25\x4b\x0a\xc7\xc9\xd1\xad\x47\x4f\xf4\xe8\
\xd9\x0b\x07\x0f\xec\x93\x16\xf3\xaf\xbb\x77\xcc\xab\xf4\xe7\x7c\
\x82\x0e\xbe\x1d\xe1\xdb\xa9\x0b\x5a\xb6\x6a\x0d\x4f\xcf\xba\xff\
\xc8\x3d\x25\x25\x05\x11\xe1\xd7\x70\xfa\xe4\x09\x1c\x0d\x09\xc6\
\xc9\x13\xc7\xa4\x7c\x20\x6e\x5c\x8f\x11\x8e\x41\xff\xe4\xe6\xe6\
\x86\x39\xf3\x3e\xc7\xc4\xf1\xca\x8f\xa3\x7e\x56\x66\x46\x06\x36\
\x05\x6c\xc0\xa6\x80\x0d\xa8\xdf\xc0\x0b\x5d\xba\xbe\x04\x1f\x9f\
\x0e\xa8\x57\xbf\x01\xaa\x54\xad\xfa\xd4\x76\x31\xa3\xd1\x88\x3b\
\xb7\x6f\x23\x32\x22\x1c\xa7\x4e\x1e\xc7\x91\xa0\x40\xd5\x66\x7b\
\xe6\xce\x5f\x00\x57\x57\x57\x55\x62\xe7\xe8\xe0\xdb\x09\x03\x5e\
\xf1\xc3\xae\x1d\xdb\xa5\xc5\x7c\xf0\xe0\x3e\xe6\xce\x9e\x85\xcf\
\xe7\xcd\x41\xfb\x0e\xbe\xf0\xed\xd8\x19\x2d\x5b\xb7\x81\xa7\x67\
\x5d\x94\x2a\x5d\xfa\xa9\xd7\x66\x18\x0c\xb8\x71\xe3\x3a\xae\x5c\
\xb9\x8c\xe3\xa1\x47\x11\x14\x78\x48\x95\x33\x3e\x4a\x96\x2a\x85\
\x59\x9f\x6a\xb7\x60\xb1\x30\x31\xb2\x00\xd0\x46\xb1\x62\xc5\xa4\
\xc6\x4b\x4e\x4e\xc6\xee\x9d\xdb\xb1\x7b\xa7\xf9\xc3\xab\xd3\xe9\
\x50\xbc\x44\x09\xb8\xb9\xb9\x21\x33\x23\x13\x71\x71\xb1\xd2\x17\
\xe7\xa8\x71\x0e\xff\xa2\xa5\x5f\xe2\xc2\xf9\x5f\xf1\xe0\xc1\x7d\
\xa9\x71\x33\x33\x33\x11\x7c\x24\x08\xc1\x47\x82\xfe\xfe\x77\xee\
\xee\xee\x70\x75\x75\x83\x4e\xa7\x43\x6c\x6c\xac\xb4\xe9\xca\x67\
\x71\x8f\xb1\x7a\xfa\x0d\x78\x05\x07\x0f\xec\x93\x3a\x68\xe5\x88\
\x08\xbf\x86\x88\xf0\x6b\xf8\x66\xc5\x72\x00\xe6\xdd\x32\xae\x6e\
\xae\x70\x77\x77\x47\x52\x52\x12\x52\x92\x53\x54\x7b\xcf\x3c\x69\
\xd0\xe0\xa1\xc2\x07\x20\xe5\xd7\xe7\x0b\x97\x20\xec\xcc\x19\xe9\
\x0b\x23\xb3\xb2\xb2\x70\x34\x24\xf8\xa9\x5b\x04\xdd\xdc\xdc\xe0\
\xe6\xe6\x0e\x07\x47\x07\x24\x26\x26\x22\x29\x31\x51\xf5\xf3\x3c\
\x74\x3a\x1d\xbe\xf8\x72\x05\x4a\x97\x29\xa3\x6a\x3f\x05\xb5\x76\
\xcd\x2a\xfc\xb4\xed\xbf\x79\xbe\x26\x29\x29\xe9\xef\x05\xe3\xe5\
\xca\x95\x47\xf5\xea\xd5\xd1\xad\x7b\x4f\x0c\x1e\xe6\x2f\x6d\x3c\
\xc9\x36\x5a\xe6\x3c\x87\xe7\x29\x72\x05\x40\xe3\xc6\xea\x9e\x3c\
\x65\x32\x99\x90\x10\x1f\xaf\xda\x5e\x67\x47\x27\x27\xf8\xa9\xb0\
\x7f\xb6\x7c\xf9\x0a\xf8\xf6\xbb\x75\x18\x34\xa0\xaf\xea\x87\x8b\
\x24\x25\x25\x09\x9d\x1f\x9e\x5f\x35\x6b\xd5\x56\xbd\x0f\x5b\xb6\
\x64\xd9\x0a\x5c\xb9\x7c\x19\x31\xd1\x51\xaa\xf6\x63\x30\xa4\xc3\
\x60\x48\xd7\xf4\xe4\xc9\xda\xb5\x3d\xb0\x60\xf1\x52\xcd\xfa\x2b\
\x55\xba\x34\xbe\x5b\x1f\x80\x7e\xbd\xba\xab\xbe\x9a\x3f\x39\x39\
\x59\xe8\x04\x3f\x25\x5e\x9d\x30\x51\xf8\xf4\x43\x35\x14\xf4\x77\
\x75\x42\x7c\x3c\x62\xa2\xa3\x10\x7c\x24\x08\x4b\x97\x2c\xc2\xd2\
\xe5\x2b\xd1\xb5\x5b\x77\xe1\x3c\x32\xb3\xad\xe3\x6e\x87\x67\x15\
\xb9\x35\x00\xd5\x6b\xd4\x40\x53\xef\x66\x96\x4e\x43\xb1\xc1\x43\
\x86\xa1\x7c\xf9\x0a\xaa\xc4\x6e\xe7\xd3\x01\xd3\xdf\x53\xef\x79\
\xa7\xd6\x7c\x3b\x76\xb2\x74\x0a\x45\x9a\xab\xab\x2b\x56\x7f\xb7\
\x5e\xf5\x29\x72\xad\xb9\xb9\xb9\x61\x5d\xc0\x66\xe1\x4b\x7f\x0a\
\xaa\x79\x8b\x96\x98\x59\x04\x17\xc8\xb5\x68\xd9\x0a\x9f\xcc\xfe\
\xcc\xd2\x69\x48\xf7\xe0\xc1\x7d\x8c\xf2\x1f\xa2\xf8\x66\xd5\x1c\
\xd9\x46\xa3\xd5\xce\x00\x14\xb9\x02\x00\x00\x66\xbc\x3f\xd3\xd2\
\x29\x28\xe2\xe2\xe2\x82\xe9\x33\xd4\x3d\xf9\xeb\xed\xe9\xef\x61\
\xc4\xa8\x31\xaa\xf6\xa1\x05\x9f\xf6\xbe\x68\xd8\xa8\xb1\xa5\xd3\
\x28\xf2\x1a\x36\x6a\x8c\x1f\x36\xff\x08\x47\x27\x27\x4b\xa7\x22\
\x85\x83\x83\x03\xd6\xae\xdf\x28\x7c\xec\xb1\x52\x93\xa6\x4c\xc5\
\xc4\x49\x53\x2c\xd2\xb7\x1a\x6a\xd5\xaa\x5d\xa4\xde\x1f\xcf\x32\
\x1a\x8d\x98\xfe\xd6\x54\xa1\xed\xa6\x06\x95\x67\x7c\x44\x14\xc9\
\x02\xa0\x6b\xb7\xee\x98\x30\x71\x92\xa5\xd3\x28\xb0\x69\xef\xbc\
\x8b\x4a\x95\xab\xa8\xda\x87\x4e\xa7\xc3\x7f\x96\x2c\x43\xcf\x97\
\x7b\xab\xda\x8f\x9a\x5c\x5c\x5c\xb0\xe8\x8b\x65\x96\x4e\xc3\x66\
\xb4\xef\xd0\x11\x5f\xad\x5c\x55\xe8\xef\x75\xd7\xe9\x74\xf8\x62\
\xf9\x4a\x74\xee\xf2\xa2\x45\xf3\x98\xfd\xd9\xe7\x18\x2c\xf1\xd8\
\x61\x4b\xa9\x58\xb1\x12\xb6\xed\xdc\x2b\xfd\x00\x25\x6b\x93\x61\
\x30\x08\x9d\xc6\x98\x2a\x61\xcb\xb4\x5a\x0a\xf7\x27\x3a\x0f\x73\
\xe7\x2f\x94\x72\x14\xa7\x56\xbc\x9b\x35\xc7\x94\xa9\x6f\x69\xd2\
\x97\x5e\xaf\xc7\x9a\xef\x37\xa0\x6f\xff\x81\x9a\xf4\x27\x93\x5e\
\xaf\xc7\xca\x6f\xd7\xc2\xa3\x8e\xa7\xa5\x53\xb1\x29\xfd\x07\xfa\
\xe1\xab\xaf\x57\xc3\xc1\xc1\xc1\xd2\xa9\x28\x62\x6f\x6f\x8f\xa5\
\xcb\x57\x62\xb0\xe0\x25\x59\x32\xe8\x74\x3a\x2c\x5d\xbe\x12\xc3\
\xfc\x47\x5a\x3a\x15\xc5\xaa\x55\xaf\x8e\x1d\x7b\x7e\x41\xb5\xea\
\xd5\x2d\x9d\x8a\x26\x94\xee\x9c\xc8\xce\x36\xc2\x90\xc5\x19\x00\
\xcd\xe9\x74\x3a\x2c\xf8\xcf\x12\x8c\x1b\xff\x9a\xa5\x53\x79\xae\
\xf2\xe5\x2b\xe0\xfb\x0d\x9b\x34\xfd\xe5\xea\xe0\xe8\x88\x55\x6b\
\xbe\x97\x72\x5f\x80\x56\xf4\x7a\x3d\x96\x7d\xf5\xb5\x55\x2e\x36\
\xb2\x05\x7e\x83\x87\x60\xf3\xd6\xed\x9a\x3f\x3b\x17\x55\xac\x58\
\x31\x04\x6c\xde\x6a\x55\x03\x6e\x4e\x41\x32\xe5\x4d\x6d\x8a\x7e\
\x99\xea\xd5\x6f\x80\xbd\xfb\x0e\xd9\x54\x11\x9e\x9d\x9d\x8d\x4b\
\x0a\x0e\x2c\x4b\x32\xe4\xff\x1c\x19\x4b\x28\xb2\x05\x00\x60\x2e\
\x02\xe6\x2f\x5c\x8c\x99\xb3\x3e\x85\x5e\xaf\xb7\x74\x3a\xb9\x72\
\x77\x77\x47\xc0\x96\xad\xa8\x52\xb5\xaa\xe6\x7d\xeb\xf5\x7a\x2c\
\x5c\xbc\x14\x9f\xce\x9d\x6f\xf5\xdf\xec\xec\xed\xed\xb1\xe2\x9b\
\x35\x52\xa6\x4e\x75\x02\x53\xd9\x6a\x6d\x3d\x14\x99\x5e\xd7\x72\
\x6a\xde\xb7\x63\x67\xec\xd8\xb3\xaf\xd0\x7c\xf3\xab\x51\xb3\x26\
\xf6\xec\x3b\x84\x2e\x5d\x5f\xb2\x74\x2a\xff\xa0\xd3\xe9\x30\xeb\
\xd3\xb9\x58\xb0\x68\x49\xa1\x79\x86\xde\xf3\xe5\xde\xf8\xf9\x40\
\xa0\xea\x8f\x2a\x9f\x64\x2d\x8f\x9e\x1e\x3d\x7a\x58\xa0\xd7\x67\
\x19\xb3\x91\x62\xc5\xd3\xff\x40\x11\x2f\x00\x00\xf3\x87\xec\xcd\
\xb7\xa6\x63\xd3\x8f\xdb\x51\xb2\x54\x29\x4b\xa7\xf3\x94\x12\x25\
\x4a\x60\xeb\x8e\x3d\xf0\x6e\xd6\xdc\xa2\x79\x4c\x9a\x32\x15\x3f\
\x1f\x08\x94\x76\x64\xb0\x6c\xa5\x4a\x97\xc6\x7f\x7f\xda\x89\x81\
\x7e\x83\xa4\xc4\x2b\x53\x5a\xf9\x5e\xe5\x72\xe5\xcb\x4b\xc9\xe1\
\x59\x2e\x2e\x2e\x4f\x1d\x30\x55\x10\x5a\x3f\x83\x6d\xea\xdd\x0c\
\xc1\xc7\x4e\xab\x72\x5e\x85\x4c\x3d\x7a\xf6\xc2\xe1\x23\xc7\xd0\
\xb8\x89\xba\x5b\x83\x45\x8d\x7d\xf5\x35\xec\x3b\x18\x84\x5a\x56\
\xbc\xad\xd5\xde\xde\x1e\x1f\x7f\x32\x07\xeb\x02\x36\xa3\x78\xf1\
\xe2\x9a\xf6\x5d\xba\x54\xe9\xe7\xbf\x48\x03\x25\x4b\x14\xec\x70\
\xb6\x84\x94\x14\xc0\x4a\x0f\x00\xca\x51\xe4\x0b\x80\x1c\x9d\xbb\
\xbc\x88\xe0\xd0\x93\xe8\xd6\xa3\xa7\xa5\x53\x01\x00\xd4\xac\x55\
\x0b\xbf\x1c\x0c\x12\xbe\x33\x5c\x16\xef\x66\xcd\x71\xf8\xc8\x31\
\x0c\x1f\x31\xca\xaa\x0e\xd8\x69\xd1\xb2\x15\x02\x83\x8f\xa3\x83\
\x6f\x27\x69\x31\xeb\x37\x68\xa0\xf8\xff\xb1\x7e\x7d\xf5\x56\x8f\
\x37\xf0\x6a\xa8\x69\x3b\x11\xee\xee\xee\x58\xf3\xfd\x06\x7c\xf1\
\xe5\x0a\xab\x2b\xac\x4b\x97\x29\x83\x65\x5f\x7d\x8d\x0d\x9b\xfe\
\x2b\xf5\x44\x4d\x35\x35\x6e\xd2\x14\x87\x82\x8f\x61\xcc\xb8\xf1\
\x56\xf3\x8d\x37\x47\x53\xef\x66\x38\x10\x18\x82\x37\xa6\xbd\x6d\
\x91\xdf\x0d\x8d\x9b\x7a\x6b\xde\xe7\xb3\x74\x3a\x1d\x1a\x35\xce\
\xff\xae\xa3\x14\x43\x3a\xd2\xad\x78\xf5\x7f\x0e\xeb\x7a\xa7\xa9\
\xac\x72\x95\xaa\x08\xd8\xbc\x15\xdf\xad\x0f\x90\x7a\xd6\x79\x41\
\xf5\x1f\xe8\x87\x43\x41\xa1\xf0\xac\x5b\xcf\x62\x39\xe4\xa6\x64\
\xa9\x52\x58\xba\x7c\x25\xf6\xee\x3f\x6c\xf1\x2d\x76\x4e\x4e\xce\
\xf8\x64\xf6\x67\xd8\xbb\xff\x30\xaa\x56\xab\x26\x35\x76\xe5\x2a\
\x55\x15\xdd\xb5\xe0\xe2\xe2\x82\x97\x24\x1c\x0a\xf2\x6f\x7a\xf7\
\xed\xaf\x69\x3b\x51\x3a\x9d\x0e\xfe\x23\x47\xe3\x54\xd8\x05\x0c\
\xf3\x1f\x69\xf1\xc2\xd1\xce\xce\x0e\xfe\x23\x47\xe3\xe4\x99\xf3\
\x56\xf5\xbc\x3f\xbf\x8a\x17\x2f\x8e\x85\x8b\x97\x62\xff\xe1\x60\
\xab\x38\xcb\xa4\x44\xc9\x92\x58\xb8\xe8\x0b\x1c\x08\x0c\xb1\xe8\
\x2c\x8a\x77\xb3\xe6\x16\x9f\x9d\x6c\xd5\xba\x4d\xbe\x1f\x7b\x64\
\x64\x65\x21\x5e\xc2\xad\x8a\x5a\xb0\xa9\x02\x20\x47\xef\xbe\xfd\
\x71\xe6\xfc\x45\xcc\x9d\xbf\x10\x15\x2a\x54\xd4\xac\xdf\x6a\xd5\
\xab\xe3\xfb\x1f\x36\xe1\xdb\xb5\xeb\xac\xfa\x9b\x49\xab\xd6\x6d\
\x10\x18\x72\x1c\x01\x9b\xb7\xa2\x89\xc6\xd5\xb7\x9d\x9d\x1d\xfa\
\xf4\x1b\x80\xd0\x93\x61\x98\x3c\x75\x9a\x6a\x6b\x37\x66\x7c\xf0\
\x51\x81\xdb\xbc\x3e\x79\xaa\xaa\x7f\x6f\x63\xc6\x8d\x2f\xf0\xfb\
\xb1\x7e\x03\x2f\xf4\x1b\x60\xd9\xdd\x1c\x39\xdf\xb8\x8f\x9e\x38\
\x83\x41\x83\x87\xc2\xde\x5e\xdb\x03\x46\xed\xec\xec\xf0\x52\xf7\
\x1e\x38\x74\x24\x14\x5f\x7c\xb9\xe2\x1f\x67\xe1\x17\x36\xde\xcd\
\x9a\xe3\x60\xd0\x51\x04\x6c\xde\x8a\x66\xcd\x5b\x68\xde\xbf\xbb\
\xbb\x3b\xde\x98\xf6\x36\xc2\x7e\xbd\x84\x31\xaf\x4e\xb0\xf8\x8c\
\x84\x5e\xaf\xc7\xbb\x16\x3c\xdb\x45\xa7\xd3\xe1\x83\x8f\x66\xe5\
\xeb\xb5\x59\xd9\xd9\x78\x9c\x9c\x68\xf5\x53\xff\x39\x74\x00\x14\
\x67\x7a\xef\x71\xa2\xc4\x54\x2c\xc3\x60\x48\xc7\x8f\x5b\x36\xe3\
\xc7\x2d\x9b\xf0\xdb\x85\xf3\xaa\xf4\x51\xb9\x4a\x55\x4c\x9a\x32\
\x15\xa3\xc6\x8c\x85\x93\x93\xb3\x2a\x7d\xa8\xc5\x64\x32\x21\xf0\
\xd0\x41\x6c\x0c\x58\x8f\xa3\xc1\x47\x54\x3b\xc6\xd4\xc5\xc5\x05\
\x03\xfd\x06\x63\xc2\xc4\x49\x9a\x1d\xd2\x32\x77\xf6\xac\xbf\xcf\
\xa3\x7f\x9e\x36\x6d\x5f\xc0\xf6\x5d\x3f\xc3\xc1\xd1\x51\xd5\x9c\
\xce\x9c\x3e\x85\x41\x03\xfb\x22\x33\x23\xe3\xb9\xaf\x75\x77\x77\
\xc7\x2f\x07\x83\x50\xaf\x7e\x03\x55\x73\x2a\xa8\xeb\xd7\x63\xb0\
\x6e\xed\x6a\xec\xde\xb5\x03\x8f\x1f\x3d\x52\xad\x9f\xb2\x65\xcb\
\xa1\xff\xc0\x57\x30\x6e\xc2\x44\xd4\xae\xed\xa1\x5a\x3f\x96\x16\
\x1c\x14\x88\x8d\x3f\xac\x47\x50\xd0\xe1\x7c\xbd\x2f\x94\xf2\x6a\
\xd8\x08\x43\x86\xf9\xc3\x7f\xe4\x68\xab\xdc\xe9\xf1\xe6\xe4\x89\
\xd8\xb6\x35\xef\x73\xfd\xd5\xf0\xce\xbb\xef\xe3\xbd\x0f\x9f\xff\
\x85\x21\x33\x3b\x0b\x8f\x92\x92\x54\xbf\x77\xe1\x59\x2d\x3c\x95\
\x5f\x1d\x6f\xf3\x05\xc0\x93\xa2\xa3\x22\xb1\x7d\xdb\x56\x84\x04\
\x07\xe1\xf7\x2b\x97\x85\xfe\x22\x1d\x9d\x9c\xd0\xb1\x53\x67\x0c\
\x1d\x3e\x02\xdd\xba\xf5\x50\x7d\xe0\xd0\xc2\xe3\x47\x8f\xb0\x6b\
\xe7\x76\x1c\x3e\x78\x00\x67\xc3\xce\x14\xe8\xaa\xe4\xdc\x38\x38\
\x3a\xc2\xc7\xa7\x3d\x7a\xf6\xea\x83\x7e\xfd\x07\x6a\xfe\x2c\xd9\
\x64\x32\xe1\x8b\xc5\x0b\xb1\x6c\xc9\xa2\x3c\xef\x47\xe8\xf9\x72\
\x6f\xac\x58\xb5\x46\xb3\x5f\x8a\xa7\x4f\x9e\xc0\x84\x71\xa3\xf3\
\x5c\x75\x5c\xad\x7a\x75\xac\x0f\xd8\x82\x46\x8d\x9b\x68\x92\x93\
\x12\x99\x99\x99\x08\x39\x12\x84\xbd\x7b\x76\xe2\x78\x68\xa8\xd0\
\xd5\xcf\x39\x2a\x56\xac\x84\x0e\xbe\x1d\xd1\xb7\xff\x40\x74\xea\
\xf2\xa2\xd5\xef\x5e\x91\x29\x2e\x36\x16\xbb\x77\x99\x3f\x7f\x67\
\x4e\x9f\x42\x5a\x9a\xd8\xe7\x4f\xa7\xd3\xc1\xab\x61\x23\x74\xec\
\xdc\x05\x7e\x83\x86\xc0\xab\x61\x23\x49\x99\xaa\x23\x3b\x3b\x1b\
\x9f\xcd\x9e\x85\xd5\xab\xbe\xd6\xe4\x7a\x5d\x07\x47\x47\x7c\xf8\
\xd1\x27\x98\xfc\xc6\x9b\xcf\x7d\x6d\xaa\xc1\x80\xf8\x94\x64\xe5\
\x83\xa9\x00\x16\x00\x2a\x48\x88\x8f\xc7\xc9\x93\xc7\x71\xf9\xe2\
\x45\xc4\xc4\x44\xe3\xc6\xf5\x18\xdc\xbc\x71\x3d\xd7\x0f\x9d\xbd\
\xbd\x3d\x2a\x55\xae\x8c\xda\xb5\x3d\xe0\xdd\xac\x05\x5a\xb6\x6a\
\x0d\x9f\x0e\xbe\xd2\x6f\x26\xb4\x26\x19\x06\x03\x7e\xfd\xf5\x2c\
\xce\x9d\x0d\xc3\xf5\xe8\x68\x44\x47\x47\xe1\xe6\xcd\x1b\x88\x8f\
\x8b\xcb\xf5\xf5\x6e\x6e\x6e\xa8\x5e\xa3\x26\x6a\xd6\xac\x85\x46\
\x4d\x9a\xa0\x45\xcb\xd6\x68\xde\xa2\x25\xdc\xdd\xdd\x35\xce\xfc\
\x9f\x72\x6e\xa6\x3b\x7c\xf8\xe0\xdf\xf9\x3b\x3a\x39\xa1\x7d\x07\
\x5f\x8c\x7b\xf5\x35\x29\x97\x81\x14\x54\x62\x62\x22\xd6\xac\xfa\
\x1a\xbb\x77\xed\x78\xea\x32\x9e\x46\x8d\x9b\x60\xa0\xdf\x60\x8c\
\x1b\x3f\x01\xce\xce\xca\x76\x0d\x58\x4a\x74\x54\x24\x4e\x9d\x3c\
\x81\x88\xf0\x70\xdc\xb8\x1e\x8d\x98\x98\x68\xdc\xfb\xeb\xaf\x5c\
\x8b\x2f\xbd\x5e\x8f\x8a\x95\x2a\xa1\x4e\x1d\x4f\xd4\xf6\xf0\x44\
\x03\x2f\x2f\xb4\xf3\x69\x8f\x3a\x9e\x75\x2d\x90\xb9\xf5\xc9\xcc\
\xc8\xc0\xf9\xf3\xbf\xe2\x5c\xd8\x19\xc4\xc4\x44\x23\x26\x3a\x0a\
\x37\x6e\x5c\x47\x5c\x6c\x6c\xae\xaf\x77\x72\x72\x46\x8d\x9a\x35\
\xe1\xe9\x59\x17\xb5\xeb\xd4\x41\x93\x26\x4d\xd1\xce\xa7\x03\xca\
\x94\x2d\xab\x71\xe6\xe2\x2e\x5f\xba\x88\x35\xdf\x7e\x8d\x90\xe0\
\x23\xaa\xcc\x30\x55\xa9\x5a\x15\x2f\x75\xef\x89\x89\x93\xa6\x3c\
\x77\x67\x46\xb6\xd1\x88\x84\xd4\x54\xa4\x65\x58\x6e\xbb\x1f\x0b\
\x00\x0d\x19\x8d\x46\x24\x25\x26\x22\x29\x29\x09\x3a\x9d\xce\x7c\
\xf5\xa6\xbb\xbb\xd5\x9e\x33\x60\x09\x89\x89\x89\x48\x49\x49\x46\
\x86\x21\x03\x25\x4b\x96\x84\x93\xb3\x53\xa1\x19\xac\xe2\x62\x63\
\x91\x91\x99\x81\x72\xe5\xca\x5b\xfc\xd9\x67\x8e\xf4\xf4\x34\xc4\
\x3e\x7e\x8c\x32\x65\xcb\x16\xba\x47\x48\xf9\x91\x9e\x9e\x86\x94\
\xe4\x14\x24\x27\x27\xc3\xcd\xcd\x0d\xae\x6e\xae\x85\xe6\xfd\x62\
\x8d\x92\x92\x92\x90\x92\x92\x8c\xcc\x8c\x4c\x14\x2f\x5e\x1c\xae\
\x6e\x6e\x9a\xaf\xcb\xd0\x4a\x6a\x6a\x2a\x0c\xe9\xe9\x48\x4c\x54\
\x3e\x16\xb9\xba\xb9\xc2\xc1\xde\x3c\x93\xe4\xec\xe2\x9c\xaf\xcf\
\x98\xd1\x68\x42\x8a\x21\x1d\xc9\xe9\x69\x30\x5a\xf8\x79\x3f\x0b\
\x00\x22\x22\x22\x15\x99\x60\x82\x21\x33\x0b\x69\x06\x03\xd2\x32\
\x0d\x56\xb3\xce\x4f\xa4\x00\x10\x2a\x0b\x2d\x39\xed\x41\x44\x44\
\xa4\x16\xa3\xc9\x04\x93\xd1\x84\x2c\x93\x11\x99\xd9\xd9\xc8\xc8\
\xca\x2a\x34\xab\xfb\xf3\x4b\xa8\x00\x88\x4d\x4e\x96\x95\x07\x11\
\x11\x11\x69\xc8\x3a\x1e\x72\x12\x11\x11\x91\xa6\x58\x00\x10\x11\
\x11\xd9\x20\x16\x00\x44\x44\x44\x36\x88\x05\x00\x11\x11\x91\x0d\
\x62\x01\x40\x44\x44\x64\x83\x58\x00\x10\x11\x11\xd9\x20\x16\x00\
\x44\x44\x44\x36\x88\x05\x00\x11\x11\x91\x0d\xb2\x83\xc0\x51\xc0\
\x5a\x5f\x7b\x48\x44\x44\x44\x66\x82\x63\x90\x4d\x96\x7b\x00\x00\
\x0c\xbf\x49\x44\x41\x54\xb0\xc9\x0e\x80\xe2\x3b\x25\x13\xe2\xe3\
\x45\x3a\x27\x22\x22\x22\x85\xe2\xff\xe5\xf6\xc7\x7c\x4a\xb5\x03\
\xa0\xf8\x3c\xdf\x87\x0f\xee\x8b\x74\x4e\x44\x44\x44\x0a\x09\x8e\
\xc1\x49\x76\x00\x72\xbf\xc0\x3d\x1f\xae\x47\x45\x8a\x74\x4e\x44\
\x44\x44\x0a\xc5\x44\x45\x89\x34\x8f\xb3\x03\x10\xa3\xb4\x75\xe8\
\x91\x20\x91\xce\x89\x88\x88\x48\xa1\xd0\xa0\x40\x91\xe6\xd1\x76\
\x00\x22\x94\xb6\x3e\x19\x7a\x14\x29\xbc\x11\x90\x88\x88\x48\x53\
\xc9\x49\x49\x38\x7d\x3c\x54\x24\x44\xa4\x1d\x80\x4b\x4a\x5b\xa7\
\xa6\xa4\xe0\x87\xb5\xab\x45\x12\x20\x22\x22\xa2\x02\xda\xb0\xe6\
\x5b\xa4\xa6\xa6\x8a\x84\xb8\xa8\x03\x50\x15\xc0\x9f\x4a\x23\x38\
\xbb\xb8\x60\xfb\x81\x40\x54\xaa\x52\x45\x24\x11\x22\x22\x22\xca\
\x87\xbb\x77\x6e\x63\x50\xcf\x6e\x48\x4f\x53\xbc\x89\xcf\x04\xa0\
\x8a\x1d\x80\xdb\x00\x14\xaf\x24\x48\x4f\x4b\xc3\xf4\xc9\x13\x45\
\x12\x21\x22\x22\xa2\x7c\x48\x4b\x4b\xc5\xbb\x93\x84\xc7\xdc\x70\
\x00\x7f\xe5\x9c\x04\xf8\x93\x48\xa4\xc8\x6b\x57\xf1\xd1\x3b\xd3\
\x90\x61\x30\x88\x84\x21\x22\x22\xa2\x7f\x61\x48\x4f\xc7\x47\x6f\
\x4f\x43\x64\xf8\x35\xd1\x50\xdb\x01\x40\xf7\xff\x7f\xf0\x04\x10\
\xf9\xc4\x9f\x15\xa9\xe7\xd5\x10\xcb\xbe\x5d\x8b\x0a\x95\x2a\x09\
\xe6\x46\x44\x44\x44\x39\x1e\x3e\xb8\x8f\xe9\x93\x26\xe2\xea\x65\
\xc5\xcb\xf6\x9e\x54\x0f\x40\x94\xfe\xff\xff\x10\x0b\xe0\x45\x00\
\x35\x44\x22\x3e\x7e\xf8\x10\xbf\xec\xda\x09\xbd\xbd\x1e\xf5\x1b\
\x36\x82\x5e\xaf\x7f\x7e\x23\x22\x22\x22\xca\x55\x86\xc1\x80\x2d\
\x1b\xd6\x63\xe6\xdb\xd3\x70\xfb\x8f\x5b\x32\x42\x1e\x05\xb0\x14\
\x78\xfa\x1b\x7f\x0f\x00\x07\x64\x44\x07\x80\x0a\x15\x2b\xe2\xc5\
\x1e\x2f\xa3\x53\xd7\x97\xe0\xd5\xa4\x09\x5c\x5c\x8a\xc9\x0a\x4d\
\x44\x44\x54\x64\xa5\xa5\xa5\xe2\xea\xa5\x4b\x38\x1a\x14\x88\x23\
\x07\x0f\xe0\xc1\xfd\x7b\x32\xc3\x77\x07\x70\x18\xf8\xe7\x94\xff\
\x39\x00\x2d\x65\xf6\x94\xa3\x98\xab\x2b\x4a\x95\x2e\xa3\x46\x68\
\x22\x22\xa2\x22\x21\x2e\xf6\x31\x52\x53\x52\xd4\x0a\x1f\x06\xa0\
\x6d\xce\x1f\x9e\x2d\x00\x7c\x00\x1c\xcf\xe5\xdf\x13\x11\x11\x51\
\xe1\x65\x04\xd0\x1e\xc0\xe9\x9c\x7f\x61\xf7\xcc\x0b\x4e\x02\xd8\
\xa0\x61\x42\x44\x44\x44\xa4\xbe\xef\xf0\xc4\xe0\x0f\xe4\xfe\x4d\
\xbf\x24\x80\x0b\x00\x6a\x69\x91\x11\x11\x11\x11\xa9\xea\x16\x80\
\xe6\x30\x2f\xf8\xff\xdb\xb3\x33\x00\x00\x10\x0f\x60\x08\x80\x0c\
\x0d\x92\x22\x22\x22\x22\xf5\x64\x02\x18\x8a\x67\x06\x7f\x00\xf8\
\xb7\x7d\x7a\x77\xff\xff\x9f\xbe\xe0\x7a\x00\x22\x22\xa2\xc2\xc8\
\x04\xe0\x55\x00\xfb\x72\xfb\x8f\x79\x6d\xd4\xff\x0d\xe6\x59\x80\
\x17\x55\x48\x8a\x88\x88\x88\xd4\xf5\x01\x80\x6f\xfe\xed\x3f\x3e\
\xef\xa4\x9e\x13\x00\xb2\x01\x74\x91\x99\x11\x11\x11\x11\xa9\xc6\
\x04\x60\x16\x80\x85\x79\xbd\x28\x3f\x47\xf5\x1d\x83\xf9\x71\x40\
\x4f\xe4\xbe\x66\x80\x88\x88\x88\xac\x43\x16\x80\x89\x00\x96\x3f\
\xef\x85\x05\x79\xbe\xdf\x1a\xc0\x56\x00\x35\x95\xe5\x44\x44\x44\
\x44\x2a\xba\x0d\x60\x18\xcc\xb3\xf7\xcf\x55\x90\x6f\xf4\x67\x61\
\x2e\x02\xb6\x2b\x48\x8a\x88\x88\x88\xd4\xb3\x0d\x40\x33\xe4\x73\
\xf0\x07\x0a\x3e\xa5\xff\x10\xc0\x20\x98\xef\x0d\x88\x2a\x60\x5b\
\x22\x22\x22\x92\x2b\x12\x40\x37\x98\xb7\xef\x3f\x2a\x48\x43\xa5\
\xcf\xf4\x0f\x01\x68\x00\xf3\x36\xc1\xdf\x14\xc6\x20\x22\x22\x22\
\x65\xae\x02\x18\x0d\xa0\x11\x80\x40\x25\x01\x64\xec\xf1\xd7\x01\
\xe8\x00\x60\x24\x00\x3f\x98\x4f\x12\x24\x22\x22\x22\xb9\xe2\x60\
\x7e\x0c\xbf\x11\xe6\xa9\x7e\x93\x48\x30\xd9\x87\xfc\xe8\x61\xbe\
\x4d\xb0\x0b\x80\x16\x00\xea\x01\xf0\x04\xe0\x24\xb9\x1f\x22\x22\
\xa2\xa2\xcc\x00\x20\x1a\xe6\x29\xfe\x5f\x01\x04\x03\x38\x0f\xf3\
\xd6\x7c\x29\xb4\x3a\xe5\xaf\x04\x00\x37\xe4\x5e\x08\x7c\x00\x60\
\x82\x46\x79\xa0\x78\xb9\x52\xa8\xde\xb4\x1e\xca\xd5\xac\x8c\x72\
\x35\x2a\xa3\x54\x95\xf2\x70\x2a\xe6\x0c\xc7\x62\xce\x70\x71\x2f\
\x06\x9d\x8e\x3b\x1d\x89\x88\x8a\x22\x93\xc9\x88\xb4\xa4\x54\x64\
\xa4\xa6\xc3\x90\x9a\x8e\xb8\x3b\x0f\xf0\xf0\xd6\x5d\x3c\xbc\x79\
\x07\xb7\x2e\x45\x22\xe9\x51\xbc\x96\xe9\xac\x45\xee\xfb\xf4\x0d\
\x00\x92\x01\x24\xa8\x9d\x80\xa5\x8f\xf9\x1d\x06\x60\xb3\x9a\x79\
\xe8\xed\xed\x51\xaf\xbd\x37\x9a\xf6\xf0\x81\x47\xeb\xc6\x28\x57\
\xb3\xb2\x5a\x5d\x11\x11\x51\x21\xf6\xe0\xe6\x1d\x5c\x3f\xfb\x3b\
\x2e\x1d\x3c\x81\xa8\x93\x97\x90\x9d\x95\xa5\x66\x77\x26\x00\xc3\
\x01\xfc\xa8\x66\x27\x79\xb1\x64\x01\xe0\x03\x20\x08\x80\xb3\x1a\
\xc1\x2b\xd4\xa9\x06\xdf\xd1\x7d\xd1\xbc\x97\x2f\x8a\x95\x74\x57\
\xa3\x0b\x22\x22\x2a\xa2\x52\xe3\x93\x70\xe1\x97\x50\x1c\xfb\xe1\
\x67\xdc\xbf\xfe\xa7\x5a\xdd\xa4\xc3\x7c\xdc\xfe\x29\xb5\x3a\xc8\
\x8b\xa5\x0a\x80\xea\x30\x3f\xcb\x28\x2b\x3b\x70\xcd\x66\xf5\xd1\
\x73\x9a\x3f\xea\x75\x68\x0e\x9d\xce\xd2\x13\x1c\x44\x44\x54\x98\
\x99\x4c\x26\x84\x87\x9e\xc7\xc1\xaf\x36\xe3\xd6\xc5\x48\x35\xba\
\x78\x08\xf3\x55\xbd\xb7\xd5\x08\x9e\x17\x4b\x8c\x90\x76\x30\x2f\
\x66\xe8\x28\x33\x68\xd9\xea\x95\xd0\xe7\xfd\xb1\x68\xda\xc3\x87\
\x03\x3f\x11\x11\x49\x65\x32\x99\x70\x71\xff\x09\xfc\xbc\x78\x3d\
\x1e\xff\x71\x4f\x76\xf8\x10\x00\x5d\x01\x18\x65\x07\xce\x4b\x7e\
\xee\x02\x90\xed\x03\x98\xaf\x27\x94\x42\xa7\xd3\xa1\xdd\xb0\x9e\
\x18\xbf\x7a\x16\xaa\x78\xd5\xe6\xe0\x4f\x44\x44\xd2\xe9\x74\x3a\
\x54\xaa\x5b\x03\xed\x86\xf6\x84\x31\x3b\x1b\x37\x2f\x84\x0b\x6e\
\xc2\x7b\x4a\x2d\x00\x29\xd0\xf8\x51\x80\xd6\xa3\x65\x4b\x98\xff\
\x07\x1d\x64\x04\x2b\x51\xa1\x0c\x46\x2f\x7f\x1f\x1e\xad\x1b\xc9\
\x08\x47\x44\x44\x94\x2f\x31\x61\x57\xf0\xc3\xb4\xff\x20\xf1\x41\
\xac\xac\x90\x19\x00\xda\x42\xc3\xc3\xf5\xb4\x2c\x00\xf4\x30\x3f\
\xf7\x6f\x2a\x23\x58\xd5\x46\x75\x30\xfe\xdb\x59\x28\x55\xb9\x9c\
\x8c\x70\x44\x44\x44\x05\x92\x70\xff\x31\xd6\x4d\x9e\x8f\xff\xfd\
\x16\x21\x2b\xe4\x45\x98\xbf\x28\x4b\xdb\xeb\x9f\x17\x2d\x1f\x01\
\x4c\x84\xa4\xa9\xff\xa6\x3d\x7c\xf0\xfa\xba\xb9\x70\xe5\xea\x7e\
\x22\x22\xb2\x10\x67\xb7\x62\x68\x35\xa0\x0b\xee\x47\xff\x29\x6b\
\xa7\x40\x45\x98\x17\x03\x5e\x90\x11\xec\x79\xb4\x2a\x00\x4a\x01\
\xd8\x05\xa0\x98\x68\xa0\x16\x7d\x3b\x61\xd4\x97\xef\x41\xef\x60\
\x2f\x9e\x15\x11\x11\x91\x00\x3b\xbd\x1e\x4d\x7b\xb6\x47\xdc\xdd\
\x07\xb8\x13\x7e\x43\x46\xc8\x36\x00\xbe\x83\x79\x8b\xa0\xaa\xb4\
\x2a\x00\x16\xc2\x7c\x3c\xb0\x90\x16\x7d\x3a\x61\xe4\xb2\x19\xb0\
\xd3\xf3\xb4\x3e\x22\x22\xb2\x0e\x3a\x3b\x1d\x1a\x77\x6d\x8b\xfb\
\xd7\xff\xc4\xbd\xe8\x3f\x44\xc3\xb9\xc2\xbc\x4e\xee\xb0\x78\x66\
\x79\xd3\x62\x0d\x40\x05\x00\xff\x83\xe0\x81\x3f\x1e\xad\x1a\x61\
\xf2\xc6\xf9\xb0\x77\x94\xb2\x7e\x90\x88\x88\x48\xaa\xec\xcc\x2c\
\xac\x1a\xf3\x31\xa2\x4f\x5f\x16\x0d\x95\x0e\xf3\xce\x00\xe9\xfb\
\x0d\x9f\xa4\xc5\x57\xe9\x69\x10\x1c\xfc\xcb\x54\xab\x88\xf1\x6b\
\x3e\xe1\xe0\x4f\x44\x44\x56\x4b\xef\x60\x8f\xb1\x2b\x67\xa2\x74\
\x95\xf2\xa2\xa1\x9c\x01\x4c\x91\x90\x52\x9e\xd4\x2e\x00\xdc\x01\
\x4c\x12\x09\x60\xa7\xd7\x63\xd4\xb2\x19\x28\x56\xc2\x4d\x52\x4a\
\x44\x44\x44\xea\x70\x2d\x55\x1c\x63\x56\x7e\x08\xbd\xbd\xf0\x3a\
\xb5\xc9\x30\x5f\xa2\xa7\x1a\xb5\xd7\x00\x4c\x06\xd0\x5f\x24\x40\
\xaf\x77\x47\xa3\x45\xdf\x4e\x72\xb2\x21\x22\x22\x52\x59\xc9\x8a\
\xe6\x53\xee\xa3\xcf\x08\x3d\x0a\x70\x01\x70\x1f\x40\x98\x84\x94\
\x72\xa5\xf6\x0c\x80\xd0\xb6\xbf\x8a\x9e\x35\xd0\x65\xc2\x40\x59\
\xb9\x10\x11\x11\x69\xa2\xeb\xeb\x83\x50\xa1\x4e\x35\xd1\x30\xd2\
\x4e\xcd\xcd\x8d\x9a\x05\x40\x53\x00\x42\x47\xf4\xf9\xcd\x9e\x24\
\x63\x1a\x85\x88\x88\x48\x53\x7a\x07\x7b\x0c\x99\x37\x55\xf4\x78\
\xfa\x26\x10\x1c\x47\xf3\xa2\x66\x01\x30\x4c\xa4\x71\xe3\x97\xda\
\xc2\xf3\x85\x26\xb2\x72\x21\x22\x22\xd2\x94\x47\xeb\x46\xf0\xea\
\xd4\x4a\x34\x8c\xd0\x58\x9a\x17\xb5\x0a\x00\x1d\x80\x21\x22\x01\
\xba\x4d\x19\x2a\x29\x15\x22\x22\x22\xcb\xe8\x3e\x55\x78\xfc\xf6\
\x87\x4a\x5b\xf6\xd5\x2a\x00\x9a\x02\xa8\xa9\xb4\xb1\x57\xa7\x96\
\xa8\xde\xa4\xae\xbc\x6c\x88\x88\x88\x2c\xa0\x86\x77\x3d\xd4\xf3\
\x69\x26\x14\x02\x2a\x3d\x06\x50\xab\x00\xe8\x28\xd2\xd8\x67\xf8\
\xcb\xb2\xf2\x20\x22\x22\xb2\xa8\x76\xc3\x7b\x8a\x86\x10\x1a\x53\
\xff\x8d\xd5\x15\x00\xee\x65\x4b\xa2\x41\xa7\x96\x32\x73\x21\x22\
\x22\xb2\x98\xc6\x5d\xdb\xc2\xad\x74\x09\x91\x10\x85\xa6\x00\xd0\
\x01\xe8\xa0\xb4\x71\xf3\xde\x1d\xb9\xf2\x9f\x88\x88\x8a\x0c\xbd\
\x83\x3d\xbc\x5f\x56\x3c\x2c\x02\x80\x2f\x54\x58\x07\xa0\x46\x01\
\x50\x17\x40\x59\xa5\x8d\x1b\x74\xe4\xb7\x7f\x22\x22\x2a\x5a\xbc\
\xc4\x66\xb6\xcb\x03\xa8\x23\x29\x95\xbf\xa9\x51\x00\xd4\x57\xda\
\xd0\xc1\xd9\x11\x75\xda\x34\x96\x99\x0b\x11\x11\x91\xc5\x79\xb6\
\x6d\x22\x7a\x9f\x4d\x3d\x59\xb9\xe4\x50\xa3\x00\xf0\x54\xda\xb0\
\x46\xd3\x7a\x70\x70\x76\x94\x99\x0b\x11\x11\x91\xc5\x39\x16\x73\
\x16\xdd\xdd\x26\x7d\x6b\x9c\x55\x15\x00\x55\xbc\x6a\xcb\xcc\x83\
\x88\x88\xc8\x6a\x08\x8e\x71\x85\xe2\x11\x80\xe2\x02\xa0\x72\xfd\
\x5a\x32\xf3\x20\x22\x22\xb2\x1a\x55\xc5\x0a\x00\xe9\x33\x00\x6a\
\x9c\x2e\x74\x15\x80\x97\x92\x86\x4e\xc5\x5c\xa0\x77\x50\xfb\x82\
\x42\x22\x22\x22\xed\x65\x67\x66\xc3\x90\x9a\xa6\xb4\xf9\xef\x00\
\xa4\x2e\x92\x53\x63\xbf\x9d\xe2\xfb\x8b\x05\x7e\x30\x44\x44\x44\
\x45\x99\xe2\xb1\xf5\xdf\xa8\xf1\x08\xc0\x5d\x85\x98\x44\x44\x44\
\xb6\x4c\xfa\xd8\xaa\xc6\x23\x80\x0c\x00\x42\x7b\x1d\x88\x88\x88\
\xe8\x29\x19\x00\x9c\x64\x06\x94\x3d\x03\xe0\x00\x0e\xfe\x44\x44\
\x44\xb2\x39\x42\xf2\xf8\x2a\xbb\x00\x50\xeb\x6e\x01\x22\x22\x22\
\x5b\x27\x75\x8c\xe5\x80\x4d\x44\x44\x64\x83\x58\x00\x10\x11\x11\
\xd9\x20\x16\x00\x44\x44\x44\x36\x88\x05\x00\x11\x11\x91\x0d\x62\
\x01\x40\x44\x44\x64\x83\x58\x00\x10\x11\x11\xd9\x20\x16\x00\x44\
\x44\x44\x36\x88\x05\x00\x11\x11\x91\x0d\x62\x01\x40\x44\x44\x64\
\x83\xd4\xb8\x0d\x50\x11\x27\x47\x7b\xdc\x3e\xb6\xc4\xd2\x69\x10\
\x11\x11\xa9\xa6\xaa\xef\xbb\x30\x64\x64\x59\x3a\x0d\x00\x56\x54\
\x00\x00\x40\xa9\xe2\xc5\x2c\x9d\x02\x11\x11\x91\x4d\xe0\x23\x00\
\x22\x22\x22\x1b\xc4\x02\x80\x88\x88\xc8\x06\xb1\x00\x20\x22\x22\
\xb2\x41\x2c\x00\x88\x88\x88\x6c\x10\x0b\x00\x22\x22\x22\x1b\xc4\
\x02\x80\x88\x88\xc8\x06\xb1\x00\x20\x22\x22\xb2\x41\x2c\x00\x88\
\x88\x88\x6c\x10\x0b\x00\x22\x22\x22\x1b\xc4\x02\x80\x88\x88\xc8\
\x06\xb1\x00\x20\x22\x22\xb2\x41\xb2\x0b\x80\x6c\xa5\x0d\xb3\xb2\
\x8d\x30\x1a\x4d\x32\x73\x21\x22\x22\xb2\x1a\x46\xa3\x09\x59\xd9\
\x46\x91\x10\x8a\xc7\xd8\xdc\xc8\x2e\x00\xb2\x00\xa4\x2b\x69\x98\
\x9d\x6d\xc4\x83\xd8\x24\xc9\xe9\x10\x11\x11\x59\x87\x7b\x8f\x12\
\x90\xad\xbc\x00\x48\x83\x79\x8c\x95\x46\x8d\x47\x00\x09\x4a\x1b\
\x06\x9f\x09\x97\x99\x07\x11\x11\x91\xd5\x08\x3e\x13\x21\xd2\x3c\
\x5e\x56\x1e\x39\xd4\x28\x00\x6e\x28\x6d\xf8\xc5\xba\xc3\x7c\x0c\
\x40\x44\x44\x45\x8e\xd1\x68\xc2\x57\x1b\x8f\x88\x84\xb8\x2e\x2b\
\x97\x1c\x6a\x14\x00\x8a\xbf\xc6\x5f\x8a\xf8\x13\x8b\xbf\x3f\x24\
\x33\x17\x22\x22\x22\x8b\x5b\xb8\xf6\x00\x2e\x5c\xbd\x25\x12\x42\
\x68\xfa\x20\x37\x7a\xd9\x01\x01\x94\x05\xd0\x4f\x69\xe3\xa3\x67\
\x23\x60\x6f\xaf\x87\x4f\xb3\x3a\xd0\xe9\x74\x12\xd3\x22\x22\x22\
\xd2\x96\xd1\x68\xc2\xfc\x6f\xf7\x63\xf6\x8a\xbd\xa2\xa1\x56\x00\
\xb8\x28\x21\xa5\xbf\xa9\x31\xc2\xd6\x04\x70\x53\x34\x48\x93\x7a\
\x55\x31\xc5\xbf\x0b\xba\xb4\xad\x8f\xca\xe5\x4b\xc2\xc9\xd1\x5e\
\x3c\x33\x22\x22\x22\x95\x19\x32\xb2\x70\xe7\x7e\x1c\x42\xc2\x22\
\xb1\x72\x73\x30\xae\x44\xde\x96\x11\xb6\x06\x80\x3f\x64\x04\xca\
\xa1\xd6\x57\xec\xb3\x00\x5a\xa9\x14\x9b\x88\xc8\x6a\xd9\xeb\xed\
\x50\xa1\x6c\x71\xf8\x34\xf7\xc4\xe8\x01\xed\xd0\xbd\x7d\x43\xcd\
\xfa\x4e\x4d\xcf\xc0\x77\x3f\x1d\xc7\xce\xc3\x17\x70\x2d\xe6\x2e\
\x62\x13\x52\x34\xeb\x9b\x54\x75\x06\xc0\x0b\xb2\x83\xaa\x55\x00\
\x4c\x01\xb0\x52\xa5\xd8\x44\x44\x85\x46\xf7\xf6\x0d\xb1\x71\xf1\
\x78\x94\x2e\xe1\xaa\x6a\x3f\xa7\x2e\xc4\x60\xf8\xf4\xb5\xb8\x7d\
\x3f\x4e\xd5\x7e\xc8\x22\x26\x03\x58\x25\x3b\xa8\x5a\x05\x80\x1b\
\x80\xff\x01\x28\xa3\x52\x7c\x22\xa2\x42\xc3\xcb\xa3\x12\x8e\x6f\
\xf9\x00\x25\xdc\x5d\x54\x89\x1f\x7a\x36\x12\x2f\xbf\xb6\x1c\x86\
\x0c\xa9\xdb\xc4\xc9\x3a\x3c\x04\x50\x0b\x80\xf4\xe9\x1c\x35\x16\
\x01\x02\x40\x06\x00\x07\x00\x5d\x54\x8a\x4f\x44\x54\x68\x3c\x8c\
\x4b\xc6\x1f\x7f\xc5\x62\x60\xb7\xe6\xd2\x63\xc7\x25\xa6\xa2\xd3\
\xc8\xc5\x48\x4a\x51\x74\x06\x1b\x59\xbf\xcf\x00\x84\xa8\x11\x58\
\xcd\xbb\x00\x96\x42\xe0\x4c\x00\x22\xa2\xa2\x64\xeb\xfe\x73\xb8\
\x14\xf1\xa7\xf4\xb8\x4b\xd7\x1d\xc6\xa3\xb8\x64\xe9\x71\xc9\x2a\
\xc4\x00\x58\xae\x56\x70\x35\x0b\x80\x34\x98\x9f\x5b\xf0\x64\x1f\
\x22\xb2\x79\x26\x93\x09\x5b\xf7\x9f\x93\x1e\x77\xeb\x01\xf9\x31\
\xc9\x2a\x18\x01\x4c\x82\xc2\xe3\xf5\xf3\x43\xed\xdb\x00\x0f\x01\
\x58\xac\x72\x1f\x44\x44\x85\xc2\x79\xb1\x83\x60\xfe\x21\x36\x21\
\x05\x37\xfe\x7c\x28\x35\x26\x59\x8d\x05\x00\x82\xd4\xec\x40\x8b\
\xcd\xf5\x1f\x01\x68\x08\xa0\x97\x06\x7d\x11\x11\x59\xad\xab\x31\
\x7f\xdd\xd5\x01\x5f\xc9\x8a\x77\x29\xe2\x76\x19\x00\x33\x64\xc5\
\x23\xab\xf1\x33\x80\x4f\xd5\xee\x44\xab\xa3\xf6\x8a\xc1\x3c\x1b\
\xd0\x5e\xa3\xfe\x88\x88\xac\x51\x20\x80\x6e\x12\xe3\x95\x04\xc0\
\x7d\x7f\x45\xcb\x71\x00\x3d\x00\xa4\xaa\xdd\x91\xda\x8f\x00\x72\
\xa4\x02\xe8\x0a\x60\xa7\x46\xfd\x11\x11\x59\xa3\xb3\x92\xe3\xc5\
\x03\x88\x92\x1c\x93\x2c\xe7\x67\x68\x34\xf8\x03\xea\x6d\x03\xcc\
\x4d\x36\xcc\x05\x80\x3d\x00\x1f\x68\x37\xfb\x40\x44\x64\x0d\x8c\
\x00\xa6\x02\x78\x20\x39\x6e\x39\x00\x1d\x25\xc7\x24\x6d\x19\x01\
\xcc\x87\x79\xd1\x5f\x86\x56\x9d\x5a\x6a\x10\x7e\x11\xe6\x53\x8d\
\x3c\x2d\xd4\x3f\x11\x91\xd6\x02\x00\x8c\x56\x21\x6e\x09\x00\x91\
\x00\x2a\xa8\x10\x9b\xd4\x17\x05\xe0\x75\xa8\xb4\xd7\x3f\x2f\x5a\
\x3d\x02\x78\xd6\x11\x00\x8d\x01\xbc\x07\xe0\xbe\x85\x72\x20\x22\
\xd2\xca\x25\x00\x6f\xa8\x14\x3b\x01\x80\x1f\xcc\x5b\xaf\xa9\xf0\
\xb8\x0f\xe0\x5d\x00\x4d\x60\x81\xc1\x1f\xb0\x8e\x69\x78\x17\x00\
\xfe\x00\x46\xc1\xbc\x48\xd0\x1a\x72\x22\x22\x92\x65\x37\x80\x31\
\x30\x0f\xd4\x6a\x6a\x05\x60\x2b\xcc\xc7\xc6\x92\x75\x32\xc1\xbc\
\xc8\x2f\x00\xc0\x16\x58\xb8\x68\xb3\xb6\xc1\xb6\x22\x80\xce\x00\
\xda\x01\xa8\x0f\xf3\xd5\xc2\x65\x00\x14\x87\xb6\xeb\x15\x88\x88\
\x94\x4a\x07\x70\x17\xe6\x5f\xf4\x1b\x00\x1c\xd5\xb0\x6f\x27\x98\
\x1f\x33\x0c\x82\x79\xfb\x75\x05\x58\x6e\xa6\xd7\x96\x65\x03\x48\
\x04\xf0\x18\xe6\x7b\x71\x22\x00\x9c\x02\x10\x0c\x2b\x9a\xf5\xfe\
\x3f\x48\x35\xac\x42\xef\x83\xfa\xb5\x00\x00\x00\x00\x49\x45\x4e\
\x44\xae\x42\x60\x82\
"

qt_resource_name = b"\
\x00\x07\
\x07\x3b\xe0\xb3\
\x00\x70\
\x00\x6c\x00\x75\x00\x67\x00\x69\x00\x6e\x00\x73\
\x00\x0d\
\x04\x7b\x80\x17\
\x00\x70\
\x00\x72\x00\x6f\x00\x79\x00\x65\x00\x63\x00\x74\x00\x6f\x00\x5f\x00\x70\x00\x6f\x00\x73\x00\x67\
\x00\x08\
\x0a\x61\x5a\xa7\
\x00\x69\
\x00\x63\x00\x6f\x00\x6e\x00\x2e\x00\x70\x00\x6e\x00\x67\
"

qt_resource_struct_v1 = b"\
\x00\x00\x00\x00\x00\x02\x00\x00\x00\x01\x00\x00\x00\x01\
\x00\x00\x00\x00\x00\x02\x00\x00\x00\x01\x00\x00\x00\x02\
\x00\x00\x00\x14\x00\x02\x00\x00\x00\x01\x00\x00\x00\x03\
\x00\x00\x00\x34\x00\x00\x00\x00\x00\x01\x00\x00\x00\x00\
"

qt_resource_struct_v2 = b"\
\x00\x00\x00\x00\x00\x02\x00\x00\x00\x01\x00\x00\x00\x01\
\x00\x00\x00\x00\x00\x00\x00\x00\
\x00\x00\x00\x00\x00\x02\x00\x00\x00\x01\x00\x00\x00\x02\
\x00\x00\x00\x00\x00\x00\x00\x00\
\x00\x00\x00\x14\x00\x02\x00\x00\x00\x01\x00\x00\x00\x03\
\x00\x00\x00\x00\x00\x00\x00\x00\
\x00\x00\x00\x34\x00\x00\x00\x00\x00\x01\x00\x00\x00\x00\
\x00\x00\x01\x9e\x2c\xac\x65\xf8\
"

qt_version = [int(v) for v in QtCore.qVersion().split('.')]
if qt_version < [5, 8, 0]:
    rcc_version = 1
    qt_resource_struct = qt_resource_struct_v1
else:
    rcc_version = 2
    qt_resource_struct = qt_resource_struct_v2

def qInitResources():
    QtCore.qRegisterResourceData(rcc_version, qt_resource_struct, qt_resource_name, qt_resource_data)

def qCleanupResources():
    QtCore.qUnregisterResourceData(rcc_version, qt_resource_struct, qt_resource_name, qt_resource_data)

qInitResources()
